,event_0,event_1,event_2
0,time_epoch,1617063072.6183643,1617063180.9045577
1,0,53.0,55.0
2,1,51.0,52.0
3,2,52.0,53.0
4,3,52.0,49.0
5,4,51.0,51.0
6,5,53.0,54.0
7,6,52.0,52.0
8,7,53.0,52.0
9,8,52.0,54.0
10,9,53.0,54.0
11,10,52.0,54.0
12,11,53.0,54.0
13,12,52.0,52.0
14,13,52.0,53.0
15,14,52.0,53.0
16,15,52.0,52.0
17,16,49.0,51.0
18,17,51.0,53.0
19,18,51.0,51.0
20,19,53.0,53.0
21,20,52.0,53.0
22,21,53.0,52.0
23,22,52.0,54.0
24,23,54.0,56.0
25,24,54.0,52.0
26,25,52.0,52.0
27,26,54.0,53.0
28,27,55.0,53.0
29,28,52.0,52.0
30,29,54.0,54.0
31,30,52.0,53.0
32,31,52.0,51.0
33,32,54.0,53.0
34,33,52.0,56.0
35,34,52.0,51.0
36,35,50.0,52.0
37,36,54.0,54.0
38,37,53.0,52.0
39,38,51.0,53.0
40,39,52.0,52.0
41,40,52.0,52.0
42,41,52.0,52.0
43,42,54.0,52.0
44,43,53.0,54.0
45,44,53.0,52.0
46,45,53.0,50.0
47,46,53.0,54.0
48,47,53.0,54.0
49,48,54.0,52.0
50,49,52.0,53.0
51,50,51.0,53.0
52,51,54.0,52.0
53,52,53.0,53.0
54,53,55.0,53.0
55,54,51.0,52.0
56,55,50.0,52.0
57,56,54.0,53.0
58,57,54.0,53.0
59,58,54.0,52.0
60,59,54.0,52.0
61,60,53.0,51.0
62,61,53.0,51.0
63,62,52.0,51.0
64,63,51.0,53.0
65,64,55.0,52.0
66,65,53.0,53.0
67,66,53.0,50.0
68,67,50.0,50.0
69,68,54.0,54.0
70,69,53.0,52.0
71,70,52.0,52.0
72,71,53.0,52.0
73,72,52.0,53.0
74,73,52.0,53.0
75,74,52.0,51.0
76,75,53.0,54.0
77,76,51.0,52.0
78,77,51.0,51.0
79,78,53.0,52.0
80,79,53.0,50.0
81,80,54.0,54.0
82,81,53.0,52.0
83,82,52.0,51.0
84,83,52.0,53.0
85,84,52.0,54.0
86,85,50.0,54.0
87,86,54.0,52.0
88,87,52.0,53.0
89,88,51.0,52.0
90,89,54.0,52.0
91,90,55.0,53.0
92,91,52.0,50.0
93,92,54.0,52.0
94,93,56.0,54.0
95,94,52.0,53.0
96,95,52.0,52.0
97,96,54.0,50.0
98,97,51.0,54.0
99,98,53.0,54.0
100,99,52.0,50.0
101,100,52.0,53.0
102,101,53.0,53.0
103,102,44.0,49.0
104,103,-127.0,-44.0
105,104,-127.0,-127.0
106,105,-127.0,-127.0
107,106,-127.0,-127.0
108,107,-127.0,-127.0
109,108,-39.0,-92.0
110,109,6.0,-23.0
111,110,53.0,27.0
112,111,11.0,25.0
113,112,-29.0,-25.0
114,113,9.0,-5.0
115,114,29.0,27.0
116,115,26.0,24.0
117,116,40.0,37.0
118,117,45.0,44.0
119,118,49.0,46.0
120,119,52.0,52.0
121,120,46.0,44.0
122,121,42.0,39.0
123,122,51.0,53.0
124,123,59.0,56.0
125,124,48.0,51.0
126,125,35.0,38.0
127,126,59.0,50.0
128,127,63.0,63.0
129,128,36.0,46.0
130,129,40.0,36.0
131,130,62.0,55.0
132,131,54.0,56.0
133,132,44.0,45.0
134,133,49.0,49.0
135,134,56.0,55.0
136,135,54.0,54.0
137,136,47.0,46.0
138,137,50.0,50.0
139,138,54.0,59.0
140,139,46.0,47.0
141,140,51.0,52.0
142,141,56.0,56.0
143,142,49.0,50.0
144,143,52.0,48.0
145,144,54.0,53.0
146,145,50.0,53.0
147,146,50.0,49.0
148,147,50.0,48.0
149,148,56.0,52.0
150,149,54.0,55.0
151,150,47.0,49.0
152,151,52.0,52.0
153,152,52.0,55.0
154,153,50.0,52.0
155,154,53.0,52.0
156,155,49.0,52.0
157,156,52.0,51.0
158,157,54.0,52.0
159,158,53.0,51.0
160,159,52.0,53.0
161,160,49.0,51.0
162,161,54.0,50.0
163,162,54.0,54.0
164,163,52.0,52.0
165,164,50.0,51.0
166,165,51.0,51.0
167,166,53.0,52.0
168,167,55.0,54.0
169,168,53.0,51.0
170,169,52.0,49.0
171,170,54.0,55.0
172,171,53.0,52.0
173,172,51.0,51.0
174,173,52.0,52.0
175,174,51.0,51.0
176,175,53.0,52.0
177,176,51.0,52.0
178,177,50.0,51.0
179,178,52.0,53.0
180,179,54.0,52.0
181,180,54.0,53.0
182,181,53.0,51.0
183,182,51.0,53.0
184,183,52.0,51.0
185,184,53.0,53.0
186,185,52.0,55.0
187,186,50.0,51.0
188,187,50.0,53.0
189,188,52.0,54.0
190,189,52.0,55.0
191,190,51.0,53.0
192,191,53.0,52.0
193,192,51.0,52.0
194,193,53.0,55.0
195,194,52.0,50.0
196,195,52.0,51.0
197,196,52.0,52.0
198,197,52.0,55.0
199,198,56.0,53.0
200,199,53.0,51.0
201,200,51.0,52.0
202,201,54.0,50.0
203,202,51.0,51.0
204,203,53.0,52.0
205,204,53.0,52.0
206,205,53.0,52.0
207,206,57.0,53.0
208,207,50.0,51.0
209,208,53.0,54.0
210,209,54.0,51.0
211,210,54.0,51.0
212,211,52.0,52.0
213,212,55.0,53.0
214,213,53.0,52.0
215,214,50.0,52.0
216,215,51.0,52.0
217,216,52.0,52.0
218,217,51.0,54.0
219,218,51.0,53.0
220,219,53.0,51.0
221,220,55.0,51.0
222,221,51.0,49.0
223,222,50.0,51.0
224,223,51.0,52.0
225,224,52.0,53.0
226,225,54.0,53.0
227,226,52.0,51.0
228,227,50.0,52.0
229,228,52.0,54.0
230,229,55.0,54.0
231,230,53.0,53.0
232,231,52.0,52.0
233,232,53.0,52.0
234,233,52.0,53.0
235,234,53.0,52.0
236,235,56.0,54.0
237,236,54.0,53.0
238,237,52.0,54.0
239,238,53.0,52.0
240,239,51.0,52.0
241,240,52.0,52.0
242,241,53.0,54.0
243,242,54.0,51.0
244,243,52.0,48.0
245,244,53.0,52.0
246,245,53.0,54.0
247,246,55.0,48.0
248,247,53.0,49.0
249,248,52.0,53.0
250,249,52.0,55.0
251,250,54.0,52.0
252,251,53.0,52.0
253,252,51.0,56.0
254,253,53.0,52.0
255,254,51.0,51.0
256,255,54.0,53.0
257,256,54.0,55.0
258,257,52.0,51.0
259,258,54.0,49.0
260,259,52.0,53.0
261,260,52.0,54.0
262,261,54.0,47.0
263,262,52.0,54.0
264,263,51.0,56.0
265,264,51.0,52.0
266,265,50.0,51.0
267,266,51.0,53.0
268,267,53.0,56.0
269,268,53.0,51.0
270,269,51.0,50.0
271,270,52.0,55.0
272,271,52.0,55.0
273,272,52.0,51.0
274,273,53.0,53.0
275,274,52.0,54.0
276,275,53.0,51.0
277,276,55.0,52.0
278,277,53.0,53.0
279,278,52.0,54.0
280,279,51.0,53.0
281,280,52.0,49.0
282,281,52.0,56.0
283,282,52.0,55.0
284,283,52.0,53.0
285,284,51.0,53.0
286,285,51.0,55.0
287,286,53.0,53.0
288,287,51.0,53.0
289,288,53.0,54.0
290,289,53.0,54.0
291,290,52.0,50.0
292,291,53.0,53.0
293,292,50.0,56.0
294,293,54.0,52.0
295,294,53.0,53.0
296,295,52.0,55.0
297,296,54.0,55.0
298,297,53.0,52.0
299,298,52.0,50.0
300,299,53.0,58.0
301,300,51.0,54.0
302,301,53.0,51.0
303,302,53.0,55.0
304,303,54.0,53.0
305,304,51.0,51.0
306,305,52.0,51.0
307,306,51.0,54.0
308,307,52.0,55.0
309,308,53.0,49.0
310,309,53.0,50.0
311,310,53.0,56.0
312,311,53.0,55.0
313,312,54.0,51.0
314,313,52.0,52.0
315,314,52.0,55.0
316,315,53.0,50.0
317,316,52.0,51.0
318,317,50.0,53.0
319,318,55.0,55.0
320,319,52.0,53.0
321,320,53.0,51.0
322,321,53.0,52.0
323,322,52.0,50.0
324,323,53.0,51.0
325,324,50.0,54.0
326,325,52.0,55.0
327,326,51.0,54.0
328,327,51.0,53.0
329,328,53.0,54.0
330,329,51.0,54.0
331,330,51.0,52.0
332,331,53.0,53.0
333,332,52.0,55.0
334,333,55.0,54.0
335,334,52.0,53.0
336,335,53.0,53.0
337,336,53.0,52.0
338,337,52.0,51.0
339,338,52.0,51.0
340,339,53.0,53.0
341,340,53.0,53.0
342,341,55.0,52.0
343,342,52.0,52.0
344,343,55.0,53.0
345,344,52.0,54.0
346,345,53.0,52.0
347,346,52.0,51.0
348,347,52.0,56.0
349,348,53.0,53.0
350,349,53.0,54.0
351,350,53.0,55.0
352,351,49.0,52.0
353,352,52.0,53.0
354,353,53.0,53.0
355,354,50.0,53.0
356,355,53.0,51.0
357,356,52.0,52.0
358,357,52.0,57.0
359,358,53.0,54.0
360,359,53.0,51.0
361,360,51.0,52.0
362,361,53.0,55.0
363,362,51.0,52.0
364,363,53.0,50.0
365,364,53.0,54.0
366,365,54.0,54.0
367,366,52.0,51.0
368,367,54.0,53.0
369,368,54.0,54.0
370,369,53.0,52.0
371,370,54.0,53.0
372,371,53.0,53.0
373,372,52.0,54.0
374,373,52.0,52.0
375,374,51.0,55.0
376,375,53.0,54.0
377,376,53.0,53.0
378,377,53.0,53.0
379,378,52.0,53.0
380,379,51.0,54.0
381,380,54.0,53.0
382,381,53.0,53.0
383,382,53.0,53.0
384,383,53.0,52.0
385,384,53.0,54.0
386,385,53.0,53.0
387,386,51.0,54.0
388,387,52.0,55.0
389,388,52.0,52.0
390,389,53.0,52.0
391,390,52.0,53.0
392,391,51.0,51.0
393,392,55.0,53.0
394,393,52.0,52.0
395,394,52.0,54.0
396,395,52.0,53.0
397,396,51.0,53.0
398,397,53.0,53.0
399,398,50.0,51.0
400,399,48.0,51.0
401,400,50.0,52.0
402,401,52.0,51.0
403,402,53.0,53.0
404,403,53.0,52.0
405,404,53.0,52.0
406,405,53.0,51.0
407,406,51.0,51.0
408,407,52.0,52.0
409,408,54.0,52.0
410,409,51.0,54.0
411,410,49.0,52.0
412,411,52.0,53.0
413,412,51.0,54.0
414,413,49.0,52.0
415,414,49.0,54.0
416,415,52.0,52.0
417,416,49.0,54.0
418,417,48.0,53.0
419,418,49.0,50.0
420,419,52.0,54.0
421,420,53.0,52.0
422,421,52.0,53.0
423,422,54.0,53.0
424,423,53.0,52.0
425,424,48.0,55.0
426,425,52.0,53.0
427,426,52.0,54.0
428,427,52.0,52.0
429,428,53.0,51.0
430,429,52.0,54.0
431,430,53.0,53.0
432,431,54.0,52.0
433,432,50.0,53.0
434,433,49.0,52.0
435,434,54.0,54.0
436,435,54.0,50.0
437,436,51.0,53.0
438,437,50.0,50.0
439,438,54.0,52.0
440,439,51.0,54.0
441,440,51.0,52.0
442,441,52.0,52.0
443,442,52.0,52.0
444,443,52.0,52.0
445,444,53.0,52.0
446,445,50.0,53.0
447,446,51.0,53.0
448,447,50.0,53.0
449,448,52.0,52.0
450,449,52.0,52.0
451,450,53.0,51.0
452,451,54.0,52.0
453,452,54.0,54.0
454,453,53.0,52.0
455,454,54.0,52.0
456,455,51.0,50.0
457,456,53.0,51.0
458,457,53.0,53.0
459,458,53.0,53.0
460,459,50.0,53.0
461,460,52.0,54.0
462,461,50.0,53.0
463,462,52.0,51.0
464,463,51.0,52.0
465,464,52.0,53.0
466,465,50.0,52.0
467,466,52.0,51.0
468,467,51.0,53.0
469,468,51.0,51.0
470,469,51.0,52.0
471,470,53.0,53.0
472,471,52.0,54.0
473,472,52.0,53.0
474,473,54.0,55.0
475,474,53.0,54.0
476,475,54.0,54.0
477,476,53.0,54.0
478,477,54.0,52.0
479,478,53.0,54.0
480,479,52.0,53.0
481,480,53.0,52.0
482,481,51.0,53.0
483,482,53.0,52.0
484,483,54.0,54.0
485,484,53.0,55.0
486,485,52.0,52.0
487,486,51.0,51.0
488,487,52.0,53.0
489,488,52.0,53.0
490,489,49.0,54.0
491,490,52.0,55.0
492,491,52.0,52.0
493,492,50.0,52.0
494,493,51.0,54.0
495,494,53.0,53.0
496,495,53.0,55.0
497,496,53.0,52.0
498,497,55.0,52.0
499,498,54.0,50.0
500,499,51.0,51.0
501,500,54.0,52.0
502,501,53.0,53.0
503,502,52.0,53.0
504,503,54.0,52.0
505,504,51.0,51.0
506,505,54.0,55.0
507,506,54.0,52.0
508,507,54.0,55.0
509,508,52.0,53.0
510,509,53.0,53.0
511,510,55.0,54.0
512,511,53.0,54.0
513,512,52.0,54.0
514,513,53.0,53.0
515,514,52.0,54.0
516,515,54.0,55.0
517,516,51.0,54.0
518,517,52.0,53.0
519,518,53.0,52.0
520,519,52.0,55.0
521,520,54.0,51.0
522,521,55.0,53.0
523,522,54.0,54.0
524,523,50.0,54.0
525,524,53.0,52.0
526,525,53.0,52.0
527,526,54.0,54.0
528,527,53.0,51.0
529,528,51.0,52.0
530,529,52.0,54.0
531,530,53.0,52.0
532,531,50.0,51.0
533,532,52.0,54.0
534,533,52.0,52.0
535,534,53.0,53.0
536,535,55.0,51.0
537,536,49.0,53.0
538,537,53.0,53.0
539,538,51.0,53.0
540,539,53.0,54.0
541,540,52.0,51.0
542,541,52.0,53.0
543,542,53.0,54.0
544,543,53.0,52.0
545,544,52.0,53.0
546,545,53.0,52.0
547,546,54.0,54.0
548,547,54.0,54.0
549,548,53.0,53.0
550,549,51.0,53.0
551,550,53.0,52.0
552,551,53.0,55.0
553,552,53.0,55.0
554,553,54.0,53.0
555,554,52.0,53.0
556,555,51.0,53.0
557,556,50.0,53.0
558,557,53.0,51.0
559,558,52.0,52.0
560,559,52.0,53.0
561,560,56.0,53.0
562,561,51.0,53.0
563,562,52.0,54.0
564,563,55.0,54.0
565,564,54.0,53.0
566,565,51.0,52.0
567,566,54.0,53.0
568,567,56.0,52.0
569,568,50.0,53.0
570,569,48.0,53.0
571,570,54.0,53.0
572,571,56.0,53.0
573,572,52.0,53.0
574,573,50.0,52.0
575,574,54.0,53.0
576,575,54.0,53.0
577,576,48.0,54.0
578,577,51.0,51.0
579,578,56.0,53.0
580,579,51.0,52.0
581,580,49.0,51.0
582,581,55.0,52.0
583,582,54.0,53.0
584,583,52.0,54.0
585,584,49.0,53.0
586,585,54.0,53.0
587,586,54.0,54.0
588,587,49.0,53.0
589,588,54.0,53.0
590,589,54.0,51.0
591,590,52.0,49.0
592,591,52.0,52.0
593,592,52.0,52.0
594,593,54.0,54.0
595,594,52.0,54.0
596,595,50.0,53.0
597,596,54.0,54.0
598,597,55.0,53.0
599,598,50.0,53.0
600,599,51.0,52.0
601,600,54.0,53.0
602,601,52.0,54.0
603,602,51.0,52.0
604,603,53.0,54.0
605,604,54.0,54.0
606,605,52.0,53.0
607,606,51.0,52.0
608,607,52.0,53.0
609,608,52.0,53.0
610,609,54.0,52.0
611,610,53.0,51.0
612,611,51.0,53.0
613,612,52.0,53.0
614,613,53.0,52.0
615,614,52.0,52.0
616,615,54.0,53.0
617,616,52.0,53.0
618,617,52.0,52.0
619,618,52.0,52.0
620,619,53.0,53.0
621,620,54.0,52.0
622,621,53.0,55.0
623,622,53.0,54.0
624,623,52.0,53.0
625,624,51.0,54.0
626,625,56.0,54.0
627,626,54.0,55.0
628,627,52.0,54.0
629,628,53.0,51.0
630,629,53.0,53.0
631,630,53.0,53.0
632,631,51.0,54.0
633,632,54.0,53.0
634,633,54.0,55.0
635,634,53.0,55.0
636,635,53.0,53.0
637,636,53.0,53.0
638,637,53.0,52.0
639,638,51.0,53.0
640,639,53.0,52.0
641,640,54.0,53.0
642,641,52.0,54.0
643,642,55.0,52.0
644,643,53.0,52.0
645,644,53.0,55.0
646,645,53.0,52.0
647,646,53.0,54.0
648,647,54.0,53.0
649,648,52.0,55.0
650,649,53.0,53.0
651,650,51.0,54.0
652,651,53.0,53.0
653,652,55.0,52.0
654,653,52.0,54.0
655,654,53.0,54.0
656,655,53.0,53.0
657,656,51.0,56.0
658,657,55.0,53.0
659,658,53.0,54.0
660,659,54.0,53.0
661,660,53.0,51.0
662,661,51.0,54.0
663,662,55.0,54.0
664,663,51.0,50.0
665,664,53.0,54.0
666,665,54.0,53.0
667,666,51.0,53.0
668,667,54.0,54.0
669,668,53.0,52.0
670,669,52.0,53.0
671,670,53.0,54.0
672,671,53.0,53.0
673,672,53.0,52.0
674,673,53.0,54.0
675,674,54.0,53.0
676,675,53.0,53.0
677,676,52.0,54.0
678,677,52.0,54.0
679,678,51.0,52.0
680,679,52.0,54.0
681,680,53.0,51.0
682,681,51.0,52.0
683,682,55.0,51.0
684,683,51.0,52.0
685,684,52.0,53.0
686,685,53.0,51.0
687,686,53.0,52.0
688,687,54.0,52.0
689,688,53.0,53.0
690,689,53.0,50.0
691,690,54.0,51.0
692,691,53.0,53.0
693,692,54.0,52.0
694,693,53.0,54.0
695,694,53.0,54.0
696,695,52.0,51.0
697,696,52.0,53.0
698,697,50.0,53.0
699,698,52.0,52.0
700,699,54.0,54.0
701,700,52.0,54.0
702,701,51.0,54.0
703,702,54.0,51.0
704,703,53.0,54.0
705,704,53.0,54.0
706,705,54.0,52.0
707,706,53.0,53.0
708,707,54.0,54.0
709,708,53.0,54.0
710,709,52.0,52.0
711,710,54.0,53.0
712,711,53.0,52.0
713,712,52.0,53.0
714,713,54.0,54.0
715,714,54.0,51.0
716,715,53.0,52.0
717,716,55.0,53.0
718,717,53.0,52.0
719,718,53.0,53.0
720,719,54.0,52.0
721,720,53.0,53.0
722,721,53.0,53.0
723,722,53.0,50.0
724,723,51.0,53.0
725,724,53.0,52.0
726,725,53.0,52.0
727,726,53.0,54.0
728,727,54.0,52.0
729,728,53.0,53.0
730,729,53.0,52.0
731,730,54.0,52.0
732,731,53.0,53.0
733,732,56.0,51.0
734,733,56.0,54.0
735,734,52.0,51.0
736,735,54.0,51.0
737,736,54.0,54.0
738,737,55.0,50.0
739,738,53.0,52.0
740,739,53.0,53.0
741,740,54.0,53.0
742,741,53.0,51.0
743,742,53.0,53.0
744,743,53.0,53.0
745,744,52.0,53.0
746,745,54.0,51.0
747,746,54.0,52.0
748,747,51.0,53.0
749,748,51.0,52.0
750,749,53.0,52.0
751,750,54.0,53.0
752,751,53.0,52.0
753,752,53.0,52.0
754,753,53.0,52.0
755,754,51.0,52.0
756,755,53.0,53.0
757,756,52.0,53.0
758,757,55.0,52.0
759,758,52.0,52.0
760,759,54.0,50.0
761,760,53.0,52.0
762,761,53.0,54.0
763,762,54.0,53.0
764,763,53.0,52.0
765,764,54.0,53.0
766,765,53.0,56.0
767,766,53.0,52.0
768,767,53.0,53.0
769,768,53.0,54.0
770,769,50.0,54.0
771,770,52.0,53.0
772,771,52.0,51.0
773,772,54.0,53.0
774,773,52.0,52.0
775,774,54.0,52.0
776,775,54.0,54.0
777,776,53.0,54.0
778,777,51.0,52.0
779,778,51.0,54.0
780,779,55.0,51.0
781,780,52.0,53.0
782,781,51.0,53.0
783,782,53.0,53.0
784,783,54.0,52.0
785,784,53.0,52.0
786,785,51.0,54.0
787,786,51.0,54.0
788,787,53.0,52.0
789,788,52.0,53.0
790,789,54.0,52.0
791,790,52.0,53.0
792,791,54.0,53.0
793,792,54.0,53.0
794,793,53.0,53.0
795,794,55.0,53.0
796,795,53.0,53.0
797,796,51.0,53.0
798,797,53.0,53.0
799,798,52.0,52.0
800,799,53.0,52.0
801,800,52.0,53.0
802,801,55.0,52.0
803,802,53.0,53.0
804,803,53.0,51.0
805,804,53.0,50.0
806,805,53.0,52.0
807,806,52.0,53.0
808,807,53.0,52.0
809,808,53.0,52.0
810,809,52.0,53.0
811,810,52.0,52.0
812,811,55.0,54.0
813,812,54.0,52.0
814,813,52.0,53.0
815,814,53.0,54.0
816,815,52.0,53.0
817,816,52.0,53.0
818,817,53.0,53.0
819,818,53.0,51.0
820,819,54.0,53.0
821,820,52.0,54.0
822,821,53.0,53.0
823,822,53.0,53.0
824,823,54.0,53.0
825,824,53.0,51.0
826,825,53.0,53.0
827,826,53.0,52.0
828,827,54.0,53.0
829,828,52.0,54.0
830,829,53.0,52.0
831,830,53.0,54.0
832,831,52.0,53.0
833,832,51.0,53.0
834,833,53.0,53.0
835,834,54.0,53.0
836,835,53.0,53.0
837,836,54.0,53.0
838,837,53.0,51.0
839,838,53.0,53.0
840,839,54.0,53.0
841,840,52.0,53.0
842,841,52.0,54.0
843,842,54.0,52.0
844,843,54.0,54.0
845,844,54.0,50.0
846,845,52.0,52.0
847,846,50.0,53.0
848,847,51.0,49.0
849,848,53.0,53.0
850,849,53.0,51.0
851,850,53.0,51.0
852,851,54.0,53.0
853,852,52.0,53.0
854,853,50.0,53.0
855,854,53.0,53.0
856,855,52.0,53.0
857,856,53.0,52.0
858,857,52.0,53.0
859,858,52.0,53.0
860,859,51.0,52.0
861,860,54.0,54.0
862,861,52.0,52.0
863,862,53.0,52.0
864,863,54.0,53.0
865,864,54.0,53.0
866,865,51.0,53.0
867,866,53.0,51.0
868,867,54.0,52.0
869,868,53.0,53.0
870,869,53.0,51.0
871,870,52.0,52.0
872,871,54.0,52.0
873,872,55.0,53.0
874,873,55.0,53.0
875,874,55.0,50.0
876,875,53.0,54.0
877,876,52.0,53.0
878,877,55.0,52.0
879,878,52.0,53.0
880,879,55.0,51.0
881,880,54.0,53.0
882,881,51.0,52.0
883,882,54.0,54.0
884,883,53.0,54.0
885,884,54.0,53.0
886,885,54.0,55.0
887,886,54.0,51.0
888,887,56.0,52.0
889,888,54.0,53.0
890,889,53.0,49.0
891,890,55.0,52.0
892,891,54.0,53.0
893,892,50.0,53.0
894,893,54.0,53.0
895,894,55.0,51.0
896,895,51.0,52.0
897,896,50.0,50.0
898,897,54.0,53.0
899,898,56.0,53.0
900,899,52.0,52.0
901,900,51.0,51.0
902,901,58.0,51.0
903,902,54.0,53.0
904,903,52.0,52.0
905,904,54.0,52.0
906,905,55.0,54.0
907,906,50.0,53.0
908,907,51.0,54.0
909,908,54.0,52.0
910,909,55.0,53.0
911,910,50.0,54.0
912,911,52.0,52.0
913,912,57.0,52.0
914,913,53.0,51.0
915,914,50.0,52.0
916,915,51.0,53.0
917,916,53.0,52.0
918,917,52.0,50.0
919,918,52.0,50.0
920,919,55.0,54.0
921,920,54.0,52.0
922,921,51.0,53.0
923,922,53.0,51.0
924,923,55.0,53.0
925,924,53.0,51.0
926,925,53.0,52.0
927,926,54.0,50.0
928,927,55.0,53.0
929,928,53.0,52.0
930,929,53.0,51.0
931,930,52.0,52.0
932,931,56.0,51.0
933,932,51.0,51.0
934,933,52.0,52.0
935,934,55.0,54.0
936,935,51.0,52.0
937,936,52.0,51.0
938,937,54.0,53.0
939,938,54.0,54.0
940,939,51.0,52.0
941,940,51.0,52.0
942,941,54.0,51.0
943,942,52.0,53.0
944,943,50.0,53.0
945,944,55.0,52.0
946,945,53.0,52.0
947,946,51.0,52.0
948,947,52.0,55.0
949,948,57.0,53.0
950,949,56.0,53.0
951,950,50.0,55.0
952,951,55.0,53.0
953,952,55.0,53.0
954,953,52.0,53.0
955,954,51.0,54.0
956,955,53.0,54.0
957,956,55.0,52.0
958,957,51.0,52.0
959,958,52.0,53.0
960,959,56.0,52.0
961,960,52.0,53.0
962,961,50.0,54.0
963,962,53.0,51.0
964,963,55.0,53.0
965,964,51.0,53.0
966,965,51.0,53.0
967,966,53.0,51.0
968,967,53.0,52.0
969,968,52.0,54.0
970,969,52.0,53.0
971,970,55.0,53.0
972,971,53.0,55.0
973,972,51.0,51.0
974,973,52.0,52.0
975,974,54.0,52.0
976,975,51.0,54.0
977,976,52.0,52.0
978,977,54.0,52.0
979,978,52.0,52.0
980,979,52.0,53.0
981,980,51.0,54.0
982,981,50.0,51.0
983,982,54.0,53.0
984,983,52.0,53.0
985,984,52.0,53.0
986,985,52.0,51.0
987,986,54.0,51.0
988,987,52.0,51.0
989,988,53.0,52.0
990,989,55.0,52.0
991,990,53.0,54.0
992,991,53.0,54.0
993,992,54.0,54.0
994,993,52.0,52.0
995,994,51.0,53.0
996,995,52.0,52.0
997,996,56.0,52.0
998,997,54.0,53.0
999,998,53.0,53.0
1000,999,55.0,52.0
1001,1000,54.0,54.0
1002,1001,54.0,52.0
1003,1002,53.0,53.0
1004,1003,54.0,53.0
1005,1004,53.0,53.0
1006,1005,54.0,53.0
1007,1006,52.0,52.0
1008,1007,51.0,53.0
1009,1008,55.0,52.0
1010,1009,54.0,53.0
1011,1010,53.0,55.0
1012,1011,52.0,53.0
1013,1012,53.0,51.0
1014,1013,54.0,53.0
1015,1014,53.0,54.0
1016,1015,55.0,55.0
1017,1016,54.0,53.0
1018,1017,54.0,54.0
1019,1018,53.0,54.0
1020,1019,52.0,53.0
1021,1020,52.0,51.0
1022,1021,54.0,51.0
1023,1022,53.0,53.0
1024,1023,51.0,50.0
1025,1024,53.0,54.0
1026,1025,53.0,54.0
1027,1026,53.0,51.0
1028,1027,55.0,54.0
1029,1028,53.0,52.0
1030,1029,53.0,52.0
1031,1030,52.0,55.0
1032,1031,52.0,51.0
1033,1032,52.0,53.0
1034,1033,52.0,54.0
1035,1034,53.0,51.0
1036,1035,51.0,52.0
1037,1036,54.0,52.0
1038,1037,53.0,54.0
1039,1038,52.0,52.0
1040,1039,54.0,53.0
1041,1040,53.0,52.0
1042,1041,51.0,52.0
1043,1042,52.0,53.0
1044,1043,52.0,52.0
1045,1044,52.0,51.0
1046,1045,53.0,53.0
1047,1046,53.0,52.0
1048,1047,53.0,53.0
1049,1048,51.0,51.0
1050,1049,53.0,53.0
1051,1050,51.0,53.0
1052,1051,51.0,53.0
1053,1052,53.0,53.0
1054,1053,50.0,51.0
1055,1054,55.0,54.0
1056,1055,52.0,52.0
1057,1056,52.0,53.0
1058,1057,53.0,53.0
1059,1058,52.0,52.0
1060,1059,53.0,51.0
1061,1060,51.0,51.0
1062,1061,53.0,50.0
1063,1062,52.0,52.0
1064,1063,51.0,52.0
1065,1064,52.0,51.0
1066,1065,51.0,52.0
1067,1066,52.0,51.0
1068,1067,51.0,53.0
1069,1068,52.0,53.0
1070,1069,53.0,54.0
1071,1070,51.0,52.0
1072,1071,53.0,52.0
1073,1072,53.0,54.0
1074,1073,52.0,53.0
1075,1074,51.0,54.0
1076,1075,53.0,53.0
1077,1076,52.0,53.0
1078,1077,51.0,54.0
1079,1078,54.0,53.0
1080,1079,53.0,55.0
1081,1080,51.0,53.0
1082,1081,53.0,54.0
1083,1082,52.0,53.0
1084,1083,52.0,53.0
1085,1084,52.0,53.0
1086,1085,51.0,51.0
1087,1086,53.0,53.0
1088,1087,53.0,54.0
1089,1088,51.0,52.0
1090,1089,50.0,54.0
1091,1090,53.0,53.0
1092,1091,52.0,53.0
1093,1092,49.0,51.0
1094,1093,49.0,52.0
1095,1094,55.0,53.0
1096,1095,53.0,54.0
1097,1096,51.0,52.0
1098,1097,54.0,50.0
1099,1098,53.0,51.0
1100,1099,54.0,52.0
1101,1100,53.0,52.0
1102,1101,53.0,52.0
1103,1102,51.0,53.0
1104,1103,54.0,53.0
1105,1104,54.0,53.0
1106,1105,51.0,53.0
1107,1106,52.0,52.0
1108,1107,53.0,54.0
1109,1108,52.0,54.0
1110,1109,54.0,53.0
1111,1110,54.0,53.0
1112,1111,54.0,52.0
1113,1112,53.0,53.0
1114,1113,51.0,52.0
1115,1114,53.0,52.0
1116,1115,52.0,54.0
1117,1116,53.0,53.0
1118,1117,51.0,53.0
1119,1118,51.0,52.0
1120,1119,52.0,54.0
1121,1120,52.0,52.0
1122,1121,51.0,52.0
1123,1122,53.0,53.0
1124,1123,54.0,53.0
1125,1124,53.0,52.0
1126,1125,53.0,53.0
1127,1126,53.0,53.0
1128,1127,54.0,54.0
1129,1128,53.0,54.0
1130,1129,52.0,52.0
1131,1130,51.0,54.0
1132,1131,52.0,54.0
1133,1132,53.0,54.0
1134,1133,53.0,52.0
1135,1134,54.0,53.0
1136,1135,52.0,52.0
1137,1136,52.0,54.0
1138,1137,52.0,54.0
1139,1138,52.0,51.0
1140,1139,52.0,54.0
1141,1140,53.0,54.0
1142,1141,54.0,54.0
1143,1142,52.0,52.0
1144,1143,50.0,53.0
1145,1144,51.0,53.0
1146,1145,53.0,52.0
1147,1146,53.0,53.0
1148,1147,52.0,53.0
1149,1148,52.0,51.0
1150,1149,53.0,53.0
1151,1150,52.0,52.0
1152,1151,55.0,50.0
1153,1152,52.0,53.0
1154,1153,52.0,52.0
1155,1154,51.0,51.0
1156,1155,53.0,53.0
1157,1156,52.0,52.0
1158,1157,54.0,53.0
1159,1158,53.0,51.0
1160,1159,51.0,51.0
1161,1160,51.0,53.0
1162,1161,53.0,52.0
1163,1162,52.0,53.0
1164,1163,51.0,52.0
1165,1164,52.0,53.0
1166,1165,52.0,51.0
1167,1166,52.0,53.0
1168,1167,53.0,55.0
1169,1168,54.0,53.0
1170,1169,52.0,52.0
1171,1170,53.0,52.0
1172,1171,53.0,50.0
1173,1172,51.0,54.0
1174,1173,52.0,50.0
1175,1174,53.0,53.0
1176,1175,52.0,52.0
1177,1176,51.0,52.0
1178,1177,52.0,52.0
1179,1178,52.0,52.0
1180,1179,50.0,53.0
1181,1180,52.0,53.0
1182,1181,53.0,52.0
1183,1182,52.0,54.0
1184,1183,49.0,52.0
1185,1184,53.0,51.0
1186,1185,54.0,52.0
1187,1186,52.0,53.0
1188,1187,53.0,54.0
1189,1188,53.0,52.0
1190,1189,52.0,53.0
1191,1190,52.0,53.0
1192,1191,54.0,52.0
1193,1192,51.0,53.0
1194,1193,52.0,53.0
1195,1194,54.0,53.0
1196,1195,51.0,52.0
1197,1196,53.0,52.0
1198,1197,53.0,53.0
1199,1198,54.0,52.0
1200,1199,52.0,52.0
1201,1200,53.0,52.0
1202,1201,52.0,52.0
1203,1202,51.0,54.0
1204,1203,52.0,52.0
1205,1204,52.0,52.0
1206,1205,51.0,52.0
1207,1206,52.0,53.0
1208,1207,52.0,54.0
1209,1208,51.0,54.0
1210,1209,53.0,54.0
1211,1210,52.0,55.0
1212,1211,53.0,54.0
1213,1212,51.0,54.0
1214,1213,51.0,52.0
1215,1214,54.0,55.0
1216,1215,52.0,54.0
1217,1216,53.0,55.0
1218,1217,51.0,55.0
1219,1218,53.0,54.0
1220,1219,52.0,53.0
1221,1220,52.0,52.0
1222,1221,53.0,52.0
1223,1222,52.0,52.0
1224,1223,52.0,52.0
1225,1224,53.0,54.0
1226,1225,50.0,54.0
1227,1226,51.0,52.0
1228,1227,50.0,52.0
1229,1228,52.0,52.0
1230,1229,50.0,54.0
1231,1230,53.0,51.0
1232,1231,52.0,53.0
1233,1232,51.0,52.0
1234,1233,52.0,52.0
1235,1234,53.0,51.0
1236,1235,50.0,53.0
1237,1236,52.0,53.0
1238,1237,52.0,52.0
1239,1238,52.0,51.0
1240,1239,53.0,53.0
1241,1240,52.0,53.0
1242,1241,54.0,54.0
1243,1242,50.0,53.0
1244,1243,53.0,52.0
1245,1244,52.0,53.0
1246,1245,52.0,51.0
1247,1246,53.0,50.0
1248,1247,53.0,52.0
1249,1248,51.0,53.0
1250,1249,51.0,51.0
1251,1250,53.0,54.0
1252,1251,53.0,54.0
1253,1252,52.0,54.0
1254,1253,53.0,53.0
1255,1254,52.0,53.0
1256,1255,51.0,53.0
1257,1256,52.0,52.0
1258,1257,51.0,53.0
1259,1258,51.0,53.0
1260,1259,51.0,50.0
1261,1260,53.0,51.0
1262,1261,53.0,54.0
1263,1262,53.0,53.0
1264,1263,52.0,52.0
1265,1264,50.0,53.0
1266,1265,53.0,52.0
1267,1266,52.0,51.0
1268,1267,52.0,53.0
1269,1268,53.0,52.0
1270,1269,52.0,51.0
1271,1270,52.0,51.0
1272,1271,53.0,52.0
1273,1272,50.0,54.0
1274,1273,52.0,54.0
1275,1274,52.0,54.0
1276,1275,53.0,54.0
1277,1276,52.0,54.0
1278,1277,52.0,52.0
1279,1278,54.0,51.0
1280,1279,51.0,53.0
1281,1280,52.0,53.0
1282,1281,52.0,52.0
1283,1282,52.0,53.0
1284,1283,54.0,52.0
1285,1284,53.0,54.0
1286,1285,52.0,51.0
1287,1286,53.0,50.0
1288,1287,52.0,53.0
1289,1288,51.0,51.0
1290,1289,52.0,53.0
1291,1290,51.0,53.0
1292,1291,51.0,53.0
1293,1292,50.0,52.0
1294,1293,51.0,52.0
1295,1294,52.0,53.0
1296,1295,50.0,53.0
1297,1296,52.0,51.0
1298,1297,52.0,53.0
1299,1298,53.0,52.0
1300,1299,52.0,51.0
1301,1300,55.0,54.0
1302,1301,53.0,55.0
1303,1302,53.0,53.0
1304,1303,53.0,52.0
1305,1304,51.0,53.0
1306,1305,53.0,51.0
1307,1306,52.0,55.0
1308,1307,52.0,52.0
1309,1308,52.0,50.0
1310,1309,52.0,53.0
1311,1310,52.0,52.0
1312,1311,52.0,53.0
1313,1312,52.0,52.0
1314,1313,52.0,52.0
1315,1314,54.0,53.0
1316,1315,52.0,52.0
1317,1316,52.0,55.0
1318,1317,51.0,53.0
1319,1318,53.0,51.0
1320,1319,53.0,53.0
1321,1320,51.0,53.0
1322,1321,54.0,54.0
1323,1322,52.0,54.0
1324,1323,53.0,53.0
1325,1324,53.0,55.0
1326,1325,52.0,55.0
1327,1326,52.0,53.0
1328,1327,52.0,53.0
1329,1328,52.0,55.0
1330,1329,52.0,55.0
1331,1330,52.0,53.0
1332,1331,53.0,53.0
1333,1332,51.0,55.0
1334,1333,52.0,55.0
1335,1334,52.0,55.0
1336,1335,52.0,53.0
1337,1336,54.0,52.0
1338,1337,51.0,52.0
1339,1338,52.0,54.0
1340,1339,53.0,52.0
1341,1340,51.0,53.0
1342,1341,51.0,54.0
1343,1342,51.0,53.0
1344,1343,53.0,54.0
1345,1344,53.0,52.0
1346,1345,53.0,52.0
1347,1346,53.0,55.0
1348,1347,51.0,52.0
1349,1348,52.0,52.0
1350,1349,54.0,53.0
1351,1350,50.0,50.0
1352,1351,53.0,55.0
1353,1352,51.0,51.0
1354,1353,52.0,53.0
1355,1354,51.0,52.0
1356,1355,53.0,50.0
1357,1356,55.0,53.0
1358,1357,53.0,53.0
1359,1358,54.0,52.0
1360,1359,54.0,54.0
1361,1360,53.0,54.0
1362,1361,52.0,51.0
1363,1362,52.0,52.0
1364,1363,52.0,53.0
1365,1364,53.0,53.0
1366,1365,53.0,54.0
1367,1366,52.0,55.0
1368,1367,51.0,52.0
1369,1368,52.0,51.0
1370,1369,50.0,52.0
1371,1370,52.0,52.0
1372,1371,53.0,54.0
1373,1372,52.0,54.0
1374,1373,54.0,52.0
1375,1374,51.0,54.0
1376,1375,54.0,55.0
1377,1376,52.0,55.0
1378,1377,52.0,52.0
1379,1378,56.0,52.0
1380,1379,50.0,52.0
1381,1380,53.0,52.0
1382,1381,52.0,53.0
1383,1382,51.0,51.0
1384,1383,52.0,54.0
1385,1384,52.0,52.0
1386,1385,51.0,52.0
1387,1386,51.0,55.0
1388,1387,53.0,52.0
1389,1388,53.0,54.0
1390,1389,51.0,51.0
1391,1390,52.0,53.0
1392,1391,51.0,52.0
1393,1392,54.0,51.0
1394,1393,53.0,54.0
1395,1394,52.0,52.0
1396,1395,54.0,53.0
1397,1396,52.0,51.0
1398,1397,51.0,51.0
1399,1398,52.0,52.0
1400,1399,52.0,53.0
1401,1400,52.0,54.0
1402,1401,52.0,53.0
1403,1402,52.0,52.0
1404,1403,53.0,51.0
1405,1404,52.0,52.0
1406,1405,54.0,52.0
1407,1406,52.0,54.0
1408,1407,52.0,53.0
1409,1408,52.0,52.0
1410,1409,51.0,52.0
1411,1410,53.0,53.0
1412,1411,52.0,53.0
1413,1412,54.0,54.0
1414,1413,54.0,53.0
1415,1414,51.0,54.0
1416,1415,53.0,54.0
1417,1416,51.0,54.0
1418,1417,51.0,51.0
1419,1418,54.0,51.0
1420,1419,54.0,52.0
1421,1420,53.0,54.0
1422,1421,52.0,53.0
1423,1422,53.0,52.0
1424,1423,53.0,53.0
1425,1424,50.0,54.0
1426,1425,51.0,52.0
1427,1426,53.0,50.0
1428,1427,52.0,52.0
1429,1428,53.0,51.0
1430,1429,52.0,55.0
1431,1430,55.0,52.0
1432,1431,51.0,53.0
1433,1432,52.0,52.0
1434,1433,53.0,52.0
1435,1434,50.0,53.0
1436,1435,52.0,53.0
1437,1436,51.0,54.0
1438,1437,51.0,53.0
1439,1438,53.0,53.0
1440,1439,51.0,53.0
1441,1440,51.0,50.0
1442,1441,51.0,53.0
1443,1442,52.0,54.0
1444,1443,53.0,53.0
1445,1444,53.0,53.0
1446,1445,52.0,51.0
1447,1446,53.0,53.0
1448,1447,52.0,53.0
1449,1448,53.0,54.0
1450,1449,52.0,53.0
1451,1450,55.0,52.0
1452,1451,53.0,54.0
1453,1452,53.0,51.0
1454,1453,51.0,53.0
1455,1454,52.0,53.0
1456,1455,51.0,50.0
1457,1456,51.0,51.0
1458,1457,52.0,52.0
1459,1458,52.0,53.0
1460,1459,50.0,52.0
1461,1460,54.0,51.0
1462,1461,52.0,53.0
1463,1462,50.0,53.0
1464,1463,54.0,53.0
1465,1464,51.0,53.0
1466,1465,51.0,53.0
1467,1466,52.0,54.0
1468,1467,51.0,53.0
1469,1468,52.0,51.0
1470,1469,52.0,53.0
1471,1470,50.0,52.0
1472,1471,52.0,53.0
1473,1472,52.0,52.0
1474,1473,52.0,53.0
1475,1474,53.0,53.0
1476,1475,51.0,54.0
1477,1476,51.0,54.0
1478,1477,51.0,51.0
1479,1478,52.0,53.0
1480,1479,52.0,54.0
1481,1480,52.0,52.0
1482,1481,54.0,52.0
1483,1482,54.0,52.0
1484,1483,54.0,54.0
1485,1484,52.0,53.0
1486,1485,51.0,54.0
1487,1486,51.0,52.0
1488,1487,51.0,53.0
1489,1488,51.0,53.0
1490,1489,50.0,51.0
1491,1490,51.0,52.0
1492,1491,53.0,53.0
1493,1492,52.0,50.0
1494,1493,53.0,51.0
1495,1494,51.0,51.0
1496,1495,54.0,53.0
1497,1496,53.0,54.0
1498,1497,54.0,51.0
1499,1498,54.0,54.0
1500,1499,51.0,54.0
1501,1500,54.0,53.0
1502,1501,51.0,52.0
1503,1502,51.0,52.0
1504,1503,55.0,54.0
1505,1504,54.0,51.0
1506,1505,52.0,54.0
1507,1506,53.0,53.0
1508,1507,53.0,51.0
1509,1508,53.0,52.0
1510,1509,51.0,53.0
1511,1510,52.0,50.0
1512,1511,53.0,54.0
1513,1512,54.0,51.0
1514,1513,53.0,54.0
1515,1514,51.0,51.0
1516,1515,52.0,52.0
1517,1516,53.0,51.0
1518,1517,53.0,52.0
1519,1518,52.0,53.0
1520,1519,53.0,50.0
1521,1520,53.0,52.0
1522,1521,51.0,54.0
1523,1522,51.0,51.0
1524,1523,53.0,52.0
1525,1524,52.0,51.0
1526,1525,53.0,52.0
1527,1526,52.0,53.0
1528,1527,52.0,52.0
1529,1528,53.0,53.0
1530,1529,54.0,52.0
1531,1530,53.0,50.0
1532,1531,52.0,51.0
1533,1532,53.0,53.0
1534,1533,52.0,53.0
1535,1534,52.0,52.0
1536,1535,52.0,51.0
1537,1536,52.0,53.0
1538,1537,53.0,52.0
1539,1538,51.0,53.0
1540,1539,51.0,53.0
1541,1540,52.0,52.0
1542,1541,51.0,52.0
1543,1542,51.0,52.0
1544,1543,53.0,53.0
1545,1544,50.0,54.0
1546,1545,53.0,52.0
1547,1546,51.0,53.0
1548,1547,52.0,54.0
1549,1548,52.0,51.0
1550,1549,53.0,55.0
1551,1550,53.0,54.0
1552,1551,52.0,52.0
1553,1552,53.0,53.0
1554,1553,53.0,52.0
1555,1554,52.0,55.0
1556,1555,53.0,52.0
1557,1556,50.0,51.0
1558,1557,53.0,54.0
1559,1558,53.0,53.0
1560,1559,54.0,51.0
1561,1560,53.0,53.0
1562,1561,53.0,53.0
1563,1562,54.0,52.0
1564,1563,52.0,52.0
1565,1564,52.0,51.0
1566,1565,53.0,51.0
1567,1566,52.0,54.0
1568,1567,51.0,52.0
1569,1568,54.0,53.0
1570,1569,51.0,53.0
1571,1570,52.0,53.0
1572,1571,53.0,53.0
1573,1572,54.0,53.0
1574,1573,53.0,54.0
1575,1574,51.0,53.0
1576,1575,52.0,54.0
1577,1576,51.0,52.0
1578,1577,52.0,51.0
1579,1578,51.0,55.0
1580,1579,51.0,55.0
1581,1580,51.0,49.0
1582,1581,51.0,51.0
1583,1582,52.0,52.0
1584,1583,52.0,52.0
1585,1584,50.0,52.0
1586,1585,51.0,55.0
1587,1586,51.0,54.0
1588,1587,50.0,49.0
1589,1588,52.0,53.0
1590,1589,51.0,54.0
1591,1590,53.0,52.0
1592,1591,51.0,53.0
1593,1592,51.0,51.0
1594,1593,53.0,54.0
1595,1594,54.0,54.0
1596,1595,52.0,51.0
1597,1596,52.0,54.0
1598,1597,52.0,52.0
1599,1598,52.0,54.0
1600,1599,55.0,52.0
1601,1600,52.0,53.0
1602,1601,52.0,53.0
1603,1602,53.0,53.0
1604,1603,53.0,54.0
1605,1604,51.0,55.0
1606,1605,52.0,53.0
1607,1606,52.0,52.0
1608,1607,53.0,52.0
1609,1608,53.0,53.0
1610,1609,53.0,53.0
1611,1610,53.0,53.0
1612,1611,53.0,51.0
1613,1612,51.0,51.0
1614,1613,51.0,54.0
1615,1614,53.0,53.0
1616,1615,53.0,51.0
1617,1616,52.0,53.0
1618,1617,54.0,53.0
1619,1618,51.0,53.0
1620,1619,52.0,51.0
1621,1620,52.0,50.0
1622,1621,51.0,52.0
1623,1622,51.0,54.0
1624,1623,52.0,53.0
1625,1624,50.0,53.0
1626,1625,50.0,53.0
1627,1626,53.0,53.0
1628,1627,51.0,51.0
1629,1628,51.0,53.0
1630,1629,51.0,50.0
1631,1630,53.0,52.0
1632,1631,52.0,53.0
1633,1632,52.0,53.0
1634,1633,52.0,54.0
1635,1634,51.0,52.0
1636,1635,53.0,54.0
1637,1636,52.0,53.0
1638,1637,52.0,52.0
1639,1638,52.0,53.0
1640,1639,50.0,53.0
1641,1640,53.0,52.0
1642,1641,53.0,53.0
1643,1642,55.0,52.0
1644,1643,54.0,52.0
1645,1644,53.0,53.0
1646,1645,50.0,53.0
1647,1646,52.0,54.0
1648,1647,51.0,54.0
1649,1648,52.0,52.0
1650,1649,50.0,52.0
1651,1650,53.0,54.0
1652,1651,51.0,54.0
1653,1652,53.0,51.0
1654,1653,52.0,51.0
1655,1654,54.0,51.0
1656,1655,53.0,52.0
1657,1656,52.0,52.0
1658,1657,52.0,52.0
1659,1658,53.0,51.0
1660,1659,52.0,52.0
1661,1660,54.0,53.0
1662,1661,51.0,52.0
1663,1662,53.0,52.0
1664,1663,52.0,54.0
1665,1664,51.0,52.0
1666,1665,52.0,52.0
1667,1666,52.0,53.0
1668,1667,53.0,52.0
1669,1668,51.0,53.0
1670,1669,53.0,55.0
1671,1670,54.0,52.0
1672,1671,52.0,53.0
1673,1672,53.0,52.0
1674,1673,53.0,54.0
1675,1674,51.0,53.0
1676,1675,52.0,52.0
1677,1676,53.0,52.0
1678,1677,53.0,51.0
1679,1678,51.0,51.0
1680,1679,52.0,50.0
1681,1680,51.0,53.0
1682,1681,51.0,52.0
1683,1682,52.0,55.0
1684,1683,51.0,53.0
1685,1684,51.0,55.0
1686,1685,54.0,52.0
1687,1686,50.0,51.0
1688,1687,51.0,52.0
1689,1688,51.0,51.0
1690,1689,53.0,53.0
1691,1690,52.0,52.0
1692,1691,52.0,52.0
1693,1692,54.0,51.0
1694,1693,51.0,53.0
1695,1694,51.0,51.0
1696,1695,53.0,50.0
1697,1696,51.0,54.0
1698,1697,51.0,52.0
1699,1698,53.0,52.0
1700,1699,52.0,52.0
1701,1700,52.0,54.0
1702,1701,51.0,51.0
1703,1702,54.0,53.0
1704,1703,53.0,53.0
1705,1704,51.0,53.0
1706,1705,54.0,53.0
1707,1706,53.0,53.0
1708,1707,51.0,53.0
1709,1708,52.0,53.0
1710,1709,52.0,53.0
1711,1710,53.0,53.0
1712,1711,51.0,53.0
1713,1712,51.0,52.0
1714,1713,50.0,53.0
1715,1714,52.0,52.0
1716,1715,50.0,52.0
1717,1716,52.0,52.0
1718,1717,51.0,54.0
1719,1718,53.0,54.0
1720,1719,51.0,52.0
1721,1720,52.0,54.0
1722,1721,53.0,53.0
1723,1722,52.0,52.0
1724,1723,52.0,55.0
1725,1724,53.0,52.0
1726,1725,54.0,51.0
1727,1726,51.0,54.0
1728,1727,52.0,52.0
1729,1728,52.0,52.0
1730,1729,52.0,52.0
1731,1730,52.0,53.0
1732,1731,53.0,52.0
1733,1732,53.0,50.0
1734,1733,51.0,51.0
1735,1734,52.0,54.0
1736,1735,52.0,52.0
1737,1736,53.0,52.0
1738,1737,50.0,52.0
1739,1738,51.0,52.0
1740,1739,53.0,55.0
1741,1740,53.0,51.0
1742,1741,54.0,54.0
1743,1742,53.0,54.0
1744,1743,53.0,52.0
1745,1744,52.0,51.0
1746,1745,53.0,53.0
1747,1746,52.0,53.0
1748,1747,53.0,53.0
1749,1748,52.0,53.0
1750,1749,51.0,52.0
1751,1750,50.0,52.0
1752,1751,52.0,51.0
1753,1752,54.0,52.0
1754,1753,51.0,53.0
1755,1754,51.0,51.0
1756,1755,53.0,53.0
1757,1756,51.0,53.0
1758,1757,52.0,52.0
1759,1758,52.0,52.0
1760,1759,51.0,51.0
1761,1760,55.0,54.0
1762,1761,52.0,52.0
1763,1762,51.0,54.0
1764,1763,52.0,53.0
1765,1764,51.0,51.0
1766,1765,52.0,52.0
1767,1766,53.0,52.0
1768,1767,52.0,54.0
1769,1768,53.0,55.0
1770,1769,51.0,53.0
1771,1770,52.0,54.0
1772,1771,52.0,52.0
1773,1772,51.0,53.0
1774,1773,51.0,51.0
1775,1774,53.0,53.0
1776,1775,52.0,55.0
1777,1776,51.0,53.0
1778,1777,53.0,52.0
1779,1778,51.0,52.0
1780,1779,53.0,52.0
1781,1780,51.0,52.0
1782,1781,51.0,52.0
1783,1782,52.0,53.0
1784,1783,50.0,53.0
1785,1784,53.0,52.0
1786,1785,53.0,52.0
1787,1786,48.0,54.0
1788,1787,52.0,55.0
1789,1788,51.0,52.0
1790,1789,52.0,53.0
1791,1790,51.0,53.0
1792,1791,51.0,50.0
1793,1792,51.0,54.0
1794,1793,52.0,53.0
1795,1794,52.0,53.0
1796,1795,53.0,54.0
1797,1796,51.0,53.0
1798,1797,52.0,52.0
1799,1798,52.0,53.0
1800,1799,51.0,51.0
1801,1800,53.0,52.0
1802,1801,52.0,53.0
1803,1802,50.0,52.0
1804,1803,51.0,52.0
1805,1804,52.0,51.0
1806,1805,52.0,54.0
1807,1806,51.0,53.0
1808,1807,51.0,54.0
1809,1808,52.0,52.0
1810,1809,51.0,52.0
1811,1810,50.0,54.0
1812,1811,51.0,51.0
1813,1812,52.0,55.0
1814,1813,51.0,53.0
1815,1814,52.0,51.0
1816,1815,52.0,53.0
1817,1816,54.0,52.0
1818,1817,51.0,52.0
1819,1818,50.0,53.0
1820,1819,55.0,52.0
1821,1820,52.0,53.0
1822,1821,49.0,52.0
1823,1822,53.0,54.0
1824,1823,53.0,55.0
1825,1824,52.0,51.0
1826,1825,51.0,52.0
1827,1826,55.0,53.0
1828,1827,53.0,52.0
1829,1828,51.0,55.0
1830,1829,53.0,54.0
1831,1830,52.0,51.0
1832,1831,51.0,51.0
1833,1832,52.0,53.0
1834,1833,51.0,53.0
1835,1834,54.0,54.0
1836,1835,51.0,54.0
1837,1836,49.0,52.0
1838,1837,52.0,55.0
1839,1838,53.0,53.0
1840,1839,53.0,52.0
1841,1840,51.0,52.0
1842,1841,51.0,53.0
1843,1842,53.0,54.0
1844,1843,51.0,54.0
1845,1844,53.0,53.0
1846,1845,53.0,54.0
1847,1846,52.0,52.0
1848,1847,51.0,53.0
1849,1848,52.0,54.0
1850,1849,52.0,55.0
1851,1850,53.0,54.0
1852,1851,51.0,53.0
1853,1852,52.0,53.0
1854,1853,52.0,54.0
1855,1854,53.0,54.0
1856,1855,52.0,55.0
1857,1856,52.0,53.0
1858,1857,53.0,53.0
1859,1858,52.0,53.0
1860,1859,55.0,54.0
1861,1860,54.0,54.0
1862,1861,53.0,54.0
1863,1862,51.0,54.0
1864,1863,52.0,53.0
1865,1864,53.0,52.0
1866,1865,53.0,54.0
1867,1866,52.0,52.0
1868,1867,50.0,54.0
1869,1868,52.0,54.0
1870,1869,52.0,53.0
1871,1870,53.0,55.0
1872,1871,51.0,53.0
1873,1872,52.0,52.0
1874,1873,51.0,52.0
1875,1874,53.0,51.0
1876,1875,52.0,54.0
1877,1876,53.0,53.0
1878,1877,53.0,52.0
1879,1878,52.0,52.0
1880,1879,52.0,51.0
1881,1880,52.0,53.0
1882,1881,54.0,53.0
1883,1882,52.0,54.0
1884,1883,55.0,56.0
1885,1884,54.0,53.0
1886,1885,51.0,54.0
1887,1886,53.0,53.0
1888,1887,55.0,55.0
1889,1888,52.0,53.0
1890,1889,53.0,53.0
1891,1890,53.0,54.0
1892,1891,52.0,52.0
1893,1892,52.0,51.0
1894,1893,52.0,53.0
1895,1894,51.0,53.0
1896,1895,52.0,53.0
1897,1896,52.0,52.0
1898,1897,50.0,54.0
1899,1898,51.0,54.0
1900,1899,54.0,52.0
1901,1900,52.0,53.0
1902,1901,51.0,53.0
1903,1902,53.0,53.0
1904,1903,52.0,53.0
1905,1904,52.0,55.0
1906,1905,52.0,54.0
1907,1906,52.0,51.0
1908,1907,54.0,55.0
1909,1908,53.0,52.0
1910,1909,52.0,53.0
1911,1910,51.0,54.0
1912,1911,51.0,53.0
1913,1912,52.0,52.0
1914,1913,54.0,51.0
1915,1914,53.0,53.0
1916,1915,52.0,53.0
1917,1916,52.0,51.0
1918,1917,53.0,52.0
1919,1918,52.0,52.0
1920,1919,53.0,53.0
1921,1920,53.0,51.0
1922,1921,53.0,52.0
1923,1922,52.0,53.0
1924,1923,52.0,51.0
1925,1924,52.0,53.0
1926,1925,52.0,53.0
1927,1926,53.0,50.0
1928,1927,54.0,54.0
1929,1928,53.0,52.0
1930,1929,53.0,54.0
1931,1930,52.0,52.0
1932,1931,52.0,52.0
1933,1932,53.0,55.0
1934,1933,52.0,54.0
1935,1934,52.0,55.0
1936,1935,50.0,52.0
1937,1936,53.0,52.0
1938,1937,51.0,55.0
1939,1938,53.0,53.0
1940,1939,54.0,53.0
1941,1940,54.0,52.0
1942,1941,53.0,54.0
1943,1942,52.0,54.0
1944,1943,52.0,53.0
1945,1944,53.0,53.0
1946,1945,52.0,55.0
1947,1946,53.0,53.0
1948,1947,54.0,52.0
1949,1948,52.0,54.0
1950,1949,54.0,54.0
1951,1950,52.0,51.0
1952,1951,52.0,51.0
1953,1952,52.0,52.0
1954,1953,52.0,52.0
1955,1954,52.0,53.0
1956,1955,51.0,52.0
1957,1956,54.0,53.0
1958,1957,52.0,55.0
1959,1958,54.0,53.0
1960,1959,55.0,52.0
1961,1960,52.0,53.0
1962,1961,53.0,53.0
1963,1962,55.0,52.0
1964,1963,53.0,53.0
1965,1964,52.0,55.0
1966,1965,52.0,53.0
1967,1966,52.0,52.0
1968,1967,54.0,53.0
1969,1968,53.0,53.0
1970,1969,52.0,53.0
1971,1970,51.0,55.0
1972,1971,51.0,52.0
1973,1972,52.0,52.0
1974,1973,52.0,53.0
1975,1974,53.0,53.0
1976,1975,51.0,51.0
1977,1976,53.0,51.0
1978,1977,53.0,51.0
1979,1978,50.0,54.0
1980,1979,51.0,54.0
1981,1980,52.0,53.0
1982,1981,51.0,51.0
1983,1982,53.0,52.0
1984,1983,53.0,51.0
1985,1984,51.0,53.0
1986,1985,52.0,54.0
1987,1986,55.0,53.0
1988,1987,53.0,52.0
1989,1988,54.0,52.0
1990,1989,52.0,53.0
1991,1990,54.0,52.0
1992,1991,52.0,52.0
1993,1992,52.0,54.0
1994,1993,51.0,54.0
1995,1994,51.0,52.0
1996,1995,53.0,53.0
1997,1996,52.0,53.0
1998,1997,53.0,53.0
1999,1998,52.0,53.0
2000,1999,50.0,55.0
2001,2000,52.0,54.0
2002,2001,54.0,53.0
2003,2002,51.0,53.0
2004,2003,51.0,52.0
2005,2004,52.0,52.0
2006,2005,52.0,55.0
2007,2006,53.0,53.0
2008,2007,51.0,52.0
2009,2008,50.0,55.0
2010,2009,52.0,53.0
2011,2010,51.0,53.0
2012,2011,52.0,53.0
2013,2012,53.0,53.0
2014,2013,51.0,51.0
2015,2014,53.0,53.0
2016,2015,51.0,53.0
2017,2016,52.0,54.0
2018,2017,52.0,55.0
2019,2018,52.0,52.0
2020,2019,52.0,54.0
2021,2020,52.0,53.0
2022,2021,53.0,52.0
2023,2022,53.0,52.0
2024,2023,49.0,51.0
2025,2024,53.0,53.0
2026,2025,52.0,51.0
2027,2026,53.0,53.0
2028,2027,52.0,54.0
2029,2028,52.0,54.0
2030,2029,52.0,52.0
2031,2030,52.0,52.0
2032,2031,53.0,53.0
2033,2032,53.0,53.0
2034,2033,53.0,53.0
2035,2034,50.0,53.0
2036,2035,51.0,51.0
2037,2036,53.0,52.0
2038,2037,53.0,53.0
2039,2038,55.0,52.0
2040,2039,52.0,53.0
2041,2040,51.0,55.0
2042,2041,52.0,51.0
2043,2042,55.0,54.0
2044,2043,54.0,53.0
2045,2044,52.0,55.0
2046,2045,52.0,52.0
2047,2046,51.0,54.0
2048,2047,52.0,55.0
2049,2048,53.0,51.0
2050,2049,51.0,52.0
2051,2050,52.0,53.0
2052,2051,54.0,54.0
2053,2052,51.0,53.0
2054,2053,53.0,52.0
2055,2054,51.0,54.0
2056,2055,52.0,53.0
2057,2056,53.0,53.0
2058,2057,51.0,53.0
2059,2058,54.0,52.0
2060,2059,52.0,53.0
2061,2060,53.0,53.0
2062,2061,51.0,54.0
2063,2062,52.0,52.0
2064,2063,53.0,53.0
2065,2064,51.0,54.0
2066,2065,52.0,54.0
2067,2066,53.0,55.0
2068,2067,53.0,53.0
2069,2068,53.0,54.0
2070,2069,51.0,55.0
2071,2070,51.0,54.0
2072,2071,51.0,52.0
2073,2072,52.0,54.0
2074,2073,52.0,54.0
2075,2074,54.0,54.0
2076,2075,52.0,51.0
2077,2076,51.0,52.0
2078,2077,52.0,54.0
2079,2078,51.0,51.0
2080,2079,51.0,53.0
2081,2080,51.0,51.0
2082,2081,53.0,55.0
2083,2082,52.0,53.0
2084,2083,50.0,54.0
2085,2084,54.0,53.0
2086,2085,54.0,54.0
2087,2086,52.0,53.0
2088,2087,50.0,53.0
2089,2088,51.0,52.0
2090,2089,54.0,52.0
2091,2090,52.0,52.0
2092,2091,54.0,53.0
2093,2092,52.0,52.0
2094,2093,53.0,53.0
2095,2094,53.0,53.0
2096,2095,52.0,54.0
2097,2096,53.0,55.0
2098,2097,54.0,53.0
2099,2098,51.0,53.0
2100,2099,53.0,54.0
2101,2100,52.0,53.0
2102,2101,53.0,54.0
2103,2102,53.0,51.0
2104,2103,52.0,52.0
2105,2104,53.0,54.0
2106,2105,50.0,52.0
2107,2106,53.0,54.0
2108,2107,52.0,53.0
2109,2108,51.0,53.0
2110,2109,53.0,53.0
2111,2110,53.0,52.0
2112,2111,52.0,52.0
2113,2112,52.0,52.0
2114,2113,52.0,52.0
2115,2114,52.0,53.0
2116,2115,53.0,53.0
2117,2116,53.0,53.0
2118,2117,52.0,54.0
2119,2118,52.0,51.0
2120,2119,52.0,53.0
2121,2120,51.0,54.0
2122,2121,54.0,53.0
2123,2122,52.0,53.0
2124,2123,53.0,53.0
2125,2124,55.0,52.0
2126,2125,53.0,52.0
2127,2126,52.0,54.0
2128,2127,53.0,54.0
2129,2128,53.0,53.0
2130,2129,52.0,53.0
2131,2130,52.0,54.0
2132,2131,53.0,53.0
2133,2132,50.0,53.0
2134,2133,50.0,55.0
2135,2134,50.0,53.0
2136,2135,52.0,52.0
2137,2136,54.0,52.0
2138,2137,55.0,53.0
2139,2138,53.0,54.0
2140,2139,53.0,51.0
2141,2140,51.0,51.0
2142,2141,53.0,51.0
2143,2142,53.0,52.0
2144,2143,52.0,53.0
2145,2144,53.0,55.0
2146,2145,53.0,54.0
2147,2146,51.0,52.0
2148,2147,53.0,55.0
2149,2148,53.0,53.0
2150,2149,52.0,55.0
2151,2150,50.0,53.0
2152,2151,54.0,54.0
2153,2152,51.0,55.0
2154,2153,51.0,52.0
2155,2154,53.0,55.0
2156,2155,51.0,54.0
2157,2156,53.0,54.0
2158,2157,52.0,52.0
2159,2158,52.0,54.0
2160,2159,52.0,54.0
2161,2160,51.0,52.0
2162,2161,53.0,53.0
2163,2162,51.0,55.0
2164,2163,52.0,53.0
2165,2164,53.0,53.0
2166,2165,54.0,52.0
2167,2166,53.0,51.0
2168,2167,51.0,53.0
2169,2168,51.0,55.0
2170,2169,52.0,52.0
2171,2170,52.0,51.0
2172,2171,54.0,53.0
2173,2172,53.0,55.0
2174,2173,52.0,53.0
2175,2174,51.0,53.0
2176,2175,52.0,53.0
2177,2176,52.0,53.0
2178,2177,51.0,54.0
2179,2178,52.0,55.0
2180,2179,51.0,56.0
2181,2180,55.0,54.0
2182,2181,54.0,52.0
2183,2182,50.0,52.0
2184,2183,53.0,53.0
2185,2184,52.0,53.0
2186,2185,52.0,53.0
2187,2186,52.0,54.0
2188,2187,52.0,52.0
2189,2188,52.0,52.0
2190,2189,52.0,55.0
2191,2190,53.0,51.0
2192,2191,52.0,52.0
2193,2192,51.0,52.0
2194,2193,54.0,51.0
2195,2194,52.0,52.0
2196,2195,54.0,51.0
2197,2196,53.0,51.0
2198,2197,53.0,53.0
2199,2198,52.0,53.0
2200,2199,54.0,53.0
2201,2200,53.0,51.0
2202,2201,52.0,54.0
2203,2202,51.0,54.0
2204,2203,53.0,55.0
2205,2204,53.0,54.0
2206,2205,53.0,52.0
2207,2206,53.0,54.0
2208,2207,52.0,53.0
2209,2208,53.0,54.0
2210,2209,54.0,53.0
2211,2210,55.0,52.0
2212,2211,53.0,54.0
2213,2212,52.0,53.0
2214,2213,54.0,53.0
2215,2214,53.0,53.0
2216,2215,53.0,54.0
2217,2216,54.0,55.0
2218,2217,54.0,53.0
2219,2218,52.0,52.0
2220,2219,51.0,52.0
2221,2220,54.0,51.0
2222,2221,54.0,55.0
2223,2222,54.0,53.0
2224,2223,53.0,53.0
2225,2224,52.0,51.0
2226,2225,51.0,50.0
2227,2226,54.0,51.0
2228,2227,54.0,51.0
2229,2228,50.0,52.0
2230,2229,54.0,53.0
2231,2230,56.0,53.0
2232,2231,55.0,53.0
2233,2232,50.0,56.0
2234,2233,54.0,55.0
2235,2234,54.0,54.0
2236,2235,51.0,51.0
2237,2236,54.0,53.0
2238,2237,54.0,52.0
2239,2238,52.0,54.0
2240,2239,51.0,53.0
2241,2240,55.0,53.0
2242,2241,54.0,54.0
2243,2242,51.0,52.0
2244,2243,50.0,51.0
2245,2244,53.0,53.0
2246,2245,51.0,52.0
2247,2246,54.0,52.0
2248,2247,54.0,51.0
2249,2248,54.0,53.0
2250,2249,51.0,53.0
2251,2250,54.0,50.0
2252,2251,54.0,53.0
2253,2252,52.0,53.0
2254,2253,52.0,50.0
2255,2254,50.0,52.0
2256,2255,52.0,52.0
2257,2256,52.0,53.0
2258,2257,52.0,52.0
2259,2258,52.0,54.0
2260,2259,52.0,54.0
2261,2260,51.0,52.0
2262,2261,53.0,56.0
2263,2262,51.0,55.0
2264,2263,53.0,54.0
2265,2264,54.0,53.0
2266,2265,53.0,52.0
2267,2266,55.0,53.0
2268,2267,51.0,53.0
2269,2268,53.0,52.0
2270,2269,54.0,51.0
2271,2270,55.0,52.0
2272,2271,54.0,53.0
2273,2272,51.0,50.0
2274,2273,53.0,52.0
2275,2274,53.0,51.0
2276,2275,52.0,52.0
2277,2276,54.0,53.0
2278,2277,49.0,53.0
2279,2278,55.0,55.0
2280,2279,54.0,55.0
2281,2280,53.0,52.0
2282,2281,49.0,55.0
2283,2282,53.0,53.0
2284,2283,56.0,55.0
2285,2284,51.0,52.0
2286,2285,52.0,54.0
2287,2286,54.0,52.0
2288,2287,54.0,53.0
2289,2288,52.0,53.0
2290,2289,53.0,52.0
2291,2290,54.0,53.0
2292,2291,53.0,53.0
2293,2292,51.0,53.0
2294,2293,54.0,52.0
2295,2294,52.0,55.0
2296,2295,53.0,53.0
2297,2296,53.0,53.0
2298,2297,53.0,50.0
2299,2298,53.0,52.0
2300,2299,50.0,53.0
2301,2300,53.0,54.0
2302,2301,52.0,53.0
2303,2302,51.0,53.0
2304,2303,52.0,52.0
2305,2304,52.0,53.0
2306,2305,52.0,54.0
2307,2306,51.0,53.0
2308,2307,52.0,54.0
2309,2308,53.0,53.0
2310,2309,53.0,52.0
2311,2310,52.0,51.0
2312,2311,54.0,52.0
2313,2312,54.0,54.0
2314,2313,54.0,54.0
2315,2314,53.0,55.0
2316,2315,54.0,52.0
2317,2316,53.0,54.0
2318,2317,54.0,52.0
2319,2318,52.0,50.0
2320,2319,53.0,51.0
2321,2320,52.0,54.0
2322,2321,53.0,52.0
2323,2322,53.0,50.0
2324,2323,54.0,51.0
2325,2324,54.0,54.0
2326,2325,51.0,52.0
2327,2326,50.0,50.0
2328,2327,51.0,55.0
2329,2328,52.0,54.0
2330,2329,51.0,52.0
2331,2330,50.0,51.0
2332,2331,51.0,56.0
2333,2332,52.0,51.0
2334,2333,54.0,54.0
2335,2334,54.0,54.0
2336,2335,51.0,56.0
2337,2336,55.0,51.0
2338,2337,54.0,50.0
2339,2338,52.0,53.0
2340,2339,53.0,55.0
2341,2340,52.0,47.0
2342,2341,52.0,54.0
2343,2342,52.0,56.0
2344,2343,52.0,51.0
2345,2344,51.0,49.0
2346,2345,52.0,56.0
2347,2346,52.0,55.0
2348,2347,53.0,48.0
2349,2348,52.0,51.0
2350,2349,53.0,55.0
2351,2350,52.0,53.0
2352,2351,52.0,49.0
2353,2352,51.0,54.0
2354,2353,51.0,55.0
2355,2354,53.0,52.0
2356,2355,52.0,51.0
2357,2356,52.0,56.0
2358,2357,53.0,53.0
2359,2358,54.0,51.0
2360,2359,54.0,51.0
2361,2360,54.0,53.0
2362,2361,53.0,54.0
2363,2362,52.0,51.0
2364,2363,55.0,51.0
2365,2364,53.0,54.0
2366,2365,53.0,51.0
2367,2366,53.0,53.0
2368,2367,51.0,52.0
2369,2368,52.0,52.0
2370,2369,52.0,51.0
2371,2370,51.0,50.0
2372,2371,52.0,53.0
2373,2372,52.0,52.0
2374,2373,55.0,52.0
2375,2374,51.0,52.0
2376,2375,52.0,53.0
2377,2376,53.0,55.0
2378,2377,49.0,53.0
2379,2378,53.0,54.0
2380,2379,53.0,53.0
2381,2380,51.0,54.0
2382,2381,52.0,53.0
2383,2382,52.0,52.0
2384,2383,52.0,53.0
2385,2384,54.0,51.0
2386,2385,50.0,52.0
2387,2386,53.0,53.0
2388,2387,52.0,52.0
2389,2388,54.0,52.0
2390,2389,51.0,53.0
2391,2390,53.0,54.0
2392,2391,54.0,53.0
2393,2392,50.0,52.0
2394,2393,53.0,54.0
2395,2394,54.0,52.0
2396,2395,53.0,54.0
2397,2396,51.0,56.0
2398,2397,52.0,52.0
2399,2398,55.0,54.0
2400,2399,51.0,52.0
2401,2400,52.0,51.0
2402,2401,52.0,53.0
2403,2402,52.0,53.0
2404,2403,53.0,52.0
2405,2404,51.0,51.0
2406,2405,51.0,52.0
2407,2406,51.0,52.0
2408,2407,50.0,52.0
2409,2408,52.0,51.0
2410,2409,51.0,51.0
2411,2410,51.0,52.0
2412,2411,51.0,51.0
2413,2412,53.0,51.0
2414,2413,52.0,52.0
2415,2414,51.0,52.0
2416,2415,53.0,54.0
2417,2416,52.0,54.0
2418,2417,51.0,53.0
2419,2418,53.0,53.0
2420,2419,53.0,52.0
2421,2420,52.0,53.0
2422,2421,52.0,53.0
2423,2422,53.0,51.0
2424,2423,53.0,53.0
2425,2424,52.0,51.0
2426,2425,51.0,52.0
2427,2426,49.0,54.0
2428,2427,52.0,54.0
2429,2428,53.0,53.0
2430,2429,51.0,53.0
2431,2430,51.0,53.0
2432,2431,51.0,50.0
2433,2432,52.0,53.0
2434,2433,53.0,53.0
2435,2434,53.0,54.0
2436,2435,53.0,52.0
2437,2436,52.0,53.0
2438,2437,52.0,53.0
2439,2438,53.0,51.0
2440,2439,52.0,53.0
2441,2440,53.0,53.0
2442,2441,52.0,52.0
2443,2442,53.0,51.0
2444,2443,52.0,53.0
2445,2444,52.0,52.0
2446,2445,52.0,51.0
2447,2446,52.0,51.0
2448,2447,52.0,52.0
2449,2448,53.0,52.0
2450,2449,52.0,51.0
2451,2450,53.0,52.0
2452,2451,51.0,51.0
2453,2452,50.0,53.0
2454,2453,54.0,53.0
2455,2454,53.0,53.0
2456,2455,53.0,53.0
2457,2456,53.0,53.0
2458,2457,53.0,52.0
2459,2458,53.0,50.0
2460,2459,52.0,52.0
2461,2460,52.0,51.0
2462,2461,52.0,53.0
2463,2462,52.0,51.0
2464,2463,53.0,52.0
2465,2464,55.0,55.0
2466,2465,52.0,53.0
2467,2466,50.0,53.0
2468,2467,52.0,52.0
2469,2468,52.0,51.0
2470,2469,52.0,52.0
2471,2470,53.0,51.0
2472,2471,52.0,52.0
2473,2472,52.0,54.0
2474,2473,49.0,52.0
2475,2474,51.0,52.0
2476,2475,54.0,54.0
2477,2476,52.0,52.0
2478,2477,53.0,53.0
2479,2478,52.0,53.0
2480,2479,53.0,53.0
2481,2480,53.0,51.0
2482,2481,52.0,53.0
2483,2482,53.0,53.0
2484,2483,53.0,52.0
2485,2484,53.0,53.0
2486,2485,52.0,53.0
2487,2486,52.0,53.0
2488,2487,53.0,52.0
2489,2488,50.0,54.0
2490,2489,49.0,53.0
2491,2490,53.0,52.0
2492,2491,52.0,50.0
2493,2492,51.0,52.0
2494,2493,53.0,51.0
2495,2494,53.0,52.0
2496,2495,54.0,51.0
2497,2496,53.0,51.0
2498,2497,54.0,50.0
2499,2498,53.0,52.0
2500,2499,52.0,52.0
