,event_0,event_1,event_2,event_3,event_4
time_epoch,1614137719.6671343,1614137721.8452587,1614137724.0253835,1614137726.2345097,1614137728.4196346
0,54.0,53.0,52.0,54.0,49.0
1,53.0,58.0,51.0,53.0,53.0
2,54.0,52.0,53.0,53.0,54.0
3,52.0,52.0,51.0,53.0,53.0
4,51.0,54.0,52.0,52.0,52.0
5,55.0,55.0,54.0,52.0,51.0
6,55.0,51.0,51.0,52.0,51.0
7,52.0,53.0,55.0,52.0,54.0
8,53.0,53.0,53.0,53.0,52.0
9,53.0,54.0,51.0,52.0,51.0
10,54.0,51.0,52.0,51.0,52.0
11,55.0,53.0,51.0,53.0,52.0
12,52.0,52.0,53.0,50.0,51.0
13,53.0,53.0,52.0,51.0,53.0
14,54.0,54.0,53.0,51.0,54.0
15,52.0,55.0,50.0,52.0,53.0
16,52.0,52.0,51.0,52.0,52.0
17,50.0,52.0,53.0,51.0,53.0
18,54.0,55.0,52.0,52.0,53.0
19,52.0,53.0,51.0,51.0,53.0
20,52.0,49.0,54.0,52.0,53.0
21,52.0,57.0,54.0,50.0,52.0
22,54.0,52.0,52.0,52.0,54.0
23,54.0,52.0,51.0,52.0,53.0
24,51.0,53.0,52.0,52.0,54.0
25,53.0,54.0,51.0,52.0,53.0
26,53.0,52.0,53.0,52.0,51.0
27,49.0,53.0,53.0,50.0,52.0
28,53.0,52.0,52.0,53.0,50.0
29,53.0,53.0,53.0,52.0,53.0
30,52.0,52.0,53.0,54.0,53.0
31,52.0,54.0,51.0,51.0,54.0
32,53.0,55.0,53.0,52.0,51.0
33,53.0,51.0,52.0,52.0,49.0
34,53.0,51.0,52.0,51.0,52.0
35,53.0,51.0,51.0,53.0,52.0
36,53.0,52.0,53.0,54.0,54.0
37,53.0,52.0,53.0,53.0,54.0
38,53.0,55.0,51.0,52.0,56.0
39,52.0,56.0,52.0,53.0,55.0
40,52.0,51.0,53.0,51.0,51.0
41,53.0,53.0,54.0,51.0,51.0
42,54.0,52.0,53.0,53.0,54.0
43,53.0,50.0,53.0,51.0,52.0
44,52.0,51.0,52.0,51.0,52.0
45,53.0,51.0,53.0,53.0,54.0
46,51.0,53.0,53.0,53.0,54.0
47,53.0,52.0,53.0,54.0,54.0
48,54.0,52.0,53.0,52.0,53.0
49,53.0,53.0,53.0,51.0,52.0
50,55.0,52.0,53.0,55.0,52.0
51,53.0,52.0,54.0,50.0,54.0
52,52.0,53.0,54.0,50.0,51.0
53,53.0,54.0,53.0,53.0,51.0
54,54.0,52.0,54.0,53.0,53.0
55,54.0,52.0,53.0,52.0,52.0
56,52.0,54.0,53.0,51.0,53.0
57,53.0,53.0,52.0,53.0,52.0
58,55.0,52.0,53.0,53.0,53.0
59,52.0,53.0,53.0,53.0,53.0
60,52.0,51.0,50.0,53.0,54.0
61,50.0,54.0,54.0,50.0,53.0
62,53.0,51.0,52.0,52.0,52.0
63,51.0,54.0,51.0,52.0,52.0
64,53.0,54.0,52.0,50.0,53.0
65,54.0,54.0,52.0,52.0,54.0
66,51.0,52.0,53.0,54.0,52.0
67,52.0,52.0,54.0,52.0,53.0
68,53.0,55.0,54.0,54.0,51.0
69,52.0,53.0,53.0,52.0,53.0
70,52.0,53.0,52.0,53.0,53.0
71,52.0,52.0,53.0,52.0,52.0
72,53.0,53.0,53.0,54.0,54.0
73,54.0,53.0,53.0,52.0,52.0
74,52.0,53.0,54.0,54.0,52.0
75,53.0,52.0,54.0,53.0,52.0
76,50.0,50.0,53.0,53.0,51.0
77,54.0,53.0,53.0,50.0,55.0
78,54.0,53.0,52.0,53.0,54.0
79,54.0,54.0,52.0,52.0,52.0
80,53.0,54.0,51.0,54.0,54.0
81,54.0,53.0,52.0,53.0,53.0
82,53.0,53.0,52.0,52.0,51.0
83,52.0,52.0,53.0,53.0,54.0
84,52.0,54.0,53.0,54.0,54.0
85,52.0,54.0,51.0,53.0,52.0
86,52.0,53.0,53.0,51.0,51.0
87,51.0,52.0,54.0,53.0,52.0
88,54.0,53.0,52.0,52.0,52.0
89,54.0,54.0,53.0,52.0,52.0
90,52.0,53.0,53.0,52.0,52.0
91,53.0,52.0,51.0,52.0,54.0
92,53.0,49.0,53.0,52.0,54.0
93,51.0,52.0,54.0,53.0,53.0
94,53.0,53.0,54.0,52.0,53.0
95,54.0,52.0,54.0,52.0,52.0
96,51.0,51.0,53.0,53.0,53.0
97,52.0,50.0,53.0,53.0,54.0
98,54.0,54.0,53.0,51.0,52.0
99,51.0,52.0,50.0,53.0,53.0
100,54.0,52.0,51.0,53.0,53.0
101,53.0,50.0,54.0,51.0,51.0
102,34.0,2.0,37.0,8.0,18.0
103,-110.0,-64.0,-59.0,-127.0,-56.0
104,-127.0,-45.0,-110.0,-127.0,-52.0
105,-127.0,4.0,-50.0,-124.0,0.0
106,-39.0,32.0,15.0,-7.0,32.0
107,20.0,40.0,33.0,27.0,40.0
108,24.0,47.0,38.0,36.0,48.0
109,40.0,51.0,47.0,52.0,52.0
110,50.0,47.0,45.0,44.0,47.0
111,26.0,42.0,38.0,26.0,42.0
112,26.0,49.0,43.0,35.0,46.0
113,43.0,48.0,47.0,46.0,52.0
114,44.0,49.0,50.0,48.0,50.0
115,45.0,48.0,49.0,51.0,48.0
116,46.0,53.0,52.0,52.0,50.0
117,51.0,54.0,53.0,51.0,53.0
118,53.0,51.0,50.0,49.0,51.0
119,50.0,51.0,51.0,48.0,53.0
120,50.0,53.0,53.0,49.0,52.0
121,54.0,51.0,52.0,53.0,52.0
122,53.0,54.0,52.0,54.0,52.0
123,49.0,51.0,51.0,52.0,50.0
124,49.0,50.0,52.0,49.0,51.0
125,53.0,52.0,53.0,51.0,52.0
126,53.0,55.0,54.0,54.0,54.0
127,53.0,50.0,53.0,52.0,53.0
128,50.0,53.0,50.0,51.0,53.0
129,53.0,54.0,56.0,54.0,53.0
130,53.0,54.0,53.0,51.0,54.0
131,50.0,51.0,55.0,52.0,53.0
132,49.0,50.0,54.0,51.0,53.0
133,51.0,56.0,52.0,49.0,53.0
134,53.0,53.0,54.0,53.0,55.0
135,54.0,51.0,53.0,53.0,51.0
136,51.0,54.0,53.0,52.0,49.0
137,53.0,55.0,53.0,53.0,54.0
138,53.0,50.0,53.0,52.0,53.0
139,51.0,51.0,53.0,51.0,52.0
140,55.0,54.0,53.0,52.0,52.0
141,51.0,51.0,53.0,50.0,52.0
142,51.0,51.0,53.0,51.0,54.0
143,52.0,54.0,54.0,53.0,52.0
144,51.0,54.0,55.0,52.0,53.0
145,52.0,50.0,53.0,52.0,51.0
146,51.0,53.0,53.0,51.0,53.0
147,51.0,54.0,53.0,51.0,53.0
148,54.0,53.0,52.0,54.0,54.0
149,53.0,52.0,55.0,51.0,55.0
150,52.0,53.0,53.0,52.0,54.0
151,53.0,53.0,52.0,52.0,54.0
152,51.0,52.0,55.0,52.0,53.0
153,53.0,52.0,54.0,54.0,52.0
154,52.0,52.0,52.0,51.0,54.0
155,53.0,51.0,52.0,53.0,54.0
156,52.0,55.0,54.0,52.0,54.0
157,52.0,53.0,54.0,53.0,54.0
158,52.0,52.0,54.0,52.0,54.0
159,54.0,51.0,52.0,51.0,53.0
160,53.0,53.0,52.0,53.0,52.0
161,52.0,53.0,54.0,52.0,55.0
162,54.0,51.0,53.0,52.0,54.0
163,52.0,52.0,54.0,51.0,54.0
164,51.0,53.0,52.0,49.0,53.0
165,51.0,52.0,52.0,52.0,49.0
166,52.0,51.0,53.0,52.0,51.0
167,54.0,56.0,52.0,52.0,52.0
168,51.0,54.0,52.0,51.0,53.0
169,51.0,51.0,52.0,53.0,55.0
170,55.0,53.0,54.0,52.0,53.0
171,53.0,54.0,53.0,54.0,53.0
172,53.0,54.0,54.0,53.0,52.0
173,53.0,55.0,53.0,51.0,53.0
174,53.0,52.0,53.0,52.0,51.0
175,52.0,54.0,52.0,55.0,51.0
176,52.0,55.0,54.0,51.0,52.0
177,52.0,52.0,52.0,53.0,53.0
178,52.0,54.0,55.0,52.0,54.0
179,53.0,51.0,52.0,52.0,55.0
180,55.0,52.0,52.0,52.0,51.0
181,52.0,52.0,53.0,51.0,53.0
182,54.0,52.0,52.0,53.0,54.0
183,53.0,55.0,50.0,52.0,56.0
184,53.0,53.0,53.0,51.0,53.0
185,52.0,54.0,52.0,52.0,54.0
186,53.0,52.0,52.0,51.0,53.0
187,53.0,54.0,50.0,54.0,51.0
188,53.0,54.0,52.0,51.0,53.0
189,51.0,54.0,53.0,52.0,55.0
190,51.0,53.0,52.0,52.0,54.0
191,51.0,52.0,53.0,51.0,52.0
192,53.0,52.0,52.0,51.0,53.0
193,52.0,54.0,53.0,52.0,52.0
194,52.0,52.0,52.0,53.0,53.0
195,51.0,52.0,52.0,51.0,53.0
196,51.0,53.0,52.0,51.0,53.0
197,52.0,50.0,54.0,52.0,55.0
198,54.0,52.0,54.0,52.0,53.0
199,53.0,56.0,53.0,54.0,55.0
200,51.0,51.0,55.0,52.0,52.0
201,53.0,53.0,53.0,51.0,55.0
202,51.0,50.0,52.0,53.0,51.0
203,52.0,53.0,52.0,52.0,52.0
204,52.0,53.0,52.0,55.0,54.0
205,50.0,53.0,52.0,52.0,53.0
206,52.0,55.0,52.0,51.0,53.0
207,52.0,53.0,53.0,52.0,52.0
208,53.0,52.0,52.0,51.0,50.0
209,53.0,53.0,53.0,52.0,53.0
210,53.0,52.0,54.0,51.0,52.0
211,52.0,51.0,51.0,52.0,52.0
212,53.0,52.0,51.0,51.0,53.0
213,54.0,53.0,52.0,53.0,53.0
214,53.0,53.0,53.0,55.0,50.0
215,52.0,52.0,52.0,52.0,52.0
216,51.0,55.0,54.0,53.0,55.0
217,51.0,52.0,51.0,51.0,51.0
218,53.0,52.0,53.0,52.0,51.0
219,53.0,54.0,52.0,51.0,54.0
220,53.0,52.0,51.0,52.0,53.0
221,53.0,55.0,53.0,52.0,53.0
222,53.0,55.0,51.0,51.0,54.0
223,54.0,52.0,51.0,53.0,52.0
224,52.0,54.0,51.0,53.0,53.0
225,53.0,52.0,52.0,51.0,55.0
226,53.0,53.0,54.0,51.0,52.0
227,52.0,54.0,52.0,54.0,52.0
228,52.0,51.0,55.0,53.0,52.0
229,52.0,53.0,52.0,52.0,54.0
230,53.0,51.0,50.0,51.0,53.0
231,51.0,52.0,52.0,51.0,54.0
232,51.0,53.0,53.0,52.0,52.0
233,53.0,53.0,52.0,52.0,54.0
234,51.0,51.0,51.0,54.0,54.0
235,52.0,50.0,52.0,54.0,54.0
236,52.0,54.0,53.0,51.0,54.0
237,54.0,53.0,52.0,53.0,53.0
238,53.0,52.0,53.0,54.0,52.0
239,52.0,52.0,56.0,53.0,53.0
240,52.0,54.0,54.0,51.0,53.0
241,52.0,53.0,52.0,52.0,55.0
242,52.0,51.0,53.0,51.0,53.0
243,52.0,52.0,52.0,54.0,53.0
244,53.0,49.0,53.0,51.0,53.0
245,53.0,52.0,54.0,52.0,52.0
246,52.0,52.0,54.0,51.0,53.0
247,53.0,52.0,54.0,51.0,54.0
248,52.0,52.0,55.0,52.0,54.0
249,53.0,53.0,53.0,51.0,54.0
250,52.0,53.0,52.0,54.0,52.0
251,52.0,53.0,54.0,53.0,52.0
252,53.0,53.0,52.0,51.0,54.0
253,53.0,54.0,53.0,51.0,54.0
254,52.0,53.0,51.0,51.0,53.0
255,53.0,54.0,52.0,51.0,51.0
256,51.0,50.0,52.0,50.0,53.0
257,53.0,51.0,52.0,52.0,52.0
258,52.0,52.0,54.0,51.0,54.0
259,52.0,51.0,54.0,53.0,52.0
260,53.0,54.0,53.0,51.0,51.0
261,52.0,52.0,54.0,53.0,52.0
262,52.0,52.0,52.0,52.0,51.0
263,52.0,55.0,53.0,51.0,53.0
264,51.0,51.0,51.0,50.0,51.0
265,53.0,52.0,53.0,54.0,52.0
266,53.0,54.0,51.0,53.0,52.0
267,53.0,52.0,48.0,53.0,51.0
268,52.0,52.0,53.0,54.0,53.0
269,54.0,50.0,53.0,53.0,53.0
270,51.0,51.0,54.0,56.0,53.0
271,50.0,52.0,55.0,53.0,51.0
272,53.0,53.0,52.0,53.0,52.0
273,52.0,51.0,53.0,52.0,52.0
274,52.0,52.0,54.0,51.0,54.0
275,55.0,52.0,54.0,50.0,54.0
276,51.0,53.0,52.0,50.0,55.0
277,53.0,51.0,53.0,53.0,54.0
278,51.0,53.0,51.0,51.0,52.0
279,52.0,52.0,52.0,52.0,52.0
280,54.0,52.0,52.0,52.0,52.0
281,52.0,52.0,54.0,51.0,53.0
282,53.0,53.0,53.0,52.0,52.0
283,53.0,54.0,51.0,51.0,52.0
284,53.0,51.0,53.0,53.0,52.0
285,52.0,53.0,53.0,52.0,52.0
286,52.0,54.0,52.0,52.0,51.0
287,55.0,52.0,51.0,52.0,53.0
288,52.0,53.0,52.0,50.0,52.0
289,52.0,52.0,51.0,53.0,52.0
290,51.0,52.0,53.0,51.0,53.0
291,52.0,52.0,53.0,52.0,53.0
292,53.0,52.0,52.0,53.0,53.0
293,50.0,52.0,53.0,53.0,53.0
294,52.0,51.0,53.0,54.0,51.0
295,52.0,52.0,51.0,52.0,54.0
296,52.0,53.0,54.0,50.0,54.0
297,53.0,53.0,51.0,53.0,53.0
298,52.0,53.0,51.0,53.0,53.0
299,52.0,52.0,53.0,52.0,51.0
300,52.0,53.0,52.0,53.0,50.0
301,53.0,50.0,54.0,52.0,52.0
302,54.0,52.0,51.0,52.0,53.0
303,52.0,53.0,52.0,53.0,54.0
304,53.0,53.0,51.0,51.0,55.0
305,53.0,53.0,52.0,52.0,52.0
306,51.0,52.0,52.0,52.0,54.0
307,53.0,52.0,52.0,52.0,54.0
308,53.0,54.0,54.0,52.0,53.0
309,51.0,52.0,53.0,51.0,53.0
310,50.0,52.0,53.0,51.0,53.0
311,51.0,51.0,54.0,51.0,53.0
312,52.0,53.0,51.0,53.0,52.0
313,53.0,52.0,52.0,55.0,52.0
314,52.0,53.0,53.0,54.0,53.0
315,52.0,52.0,53.0,53.0,52.0
316,52.0,53.0,49.0,52.0,53.0
317,53.0,53.0,53.0,53.0,53.0
318,55.0,52.0,54.0,50.0,52.0
319,54.0,53.0,54.0,52.0,52.0
320,51.0,52.0,54.0,52.0,52.0
321,53.0,54.0,52.0,51.0,53.0
322,52.0,51.0,53.0,52.0,51.0
323,52.0,53.0,53.0,51.0,52.0
324,53.0,51.0,53.0,52.0,53.0
325,51.0,54.0,51.0,51.0,51.0
326,51.0,55.0,51.0,50.0,52.0
327,51.0,52.0,52.0,53.0,52.0
328,52.0,53.0,53.0,53.0,52.0
329,52.0,51.0,52.0,53.0,52.0
330,52.0,51.0,51.0,53.0,50.0
331,54.0,52.0,52.0,52.0,52.0
332,52.0,52.0,52.0,52.0,52.0
333,52.0,51.0,52.0,53.0,52.0
334,53.0,52.0,52.0,51.0,53.0
335,53.0,54.0,54.0,54.0,52.0
336,51.0,52.0,53.0,55.0,53.0
337,52.0,52.0,50.0,52.0,50.0
338,53.0,54.0,52.0,52.0,50.0
339,53.0,52.0,54.0,53.0,53.0
340,53.0,53.0,52.0,52.0,52.0
341,53.0,53.0,51.0,54.0,52.0
342,50.0,53.0,52.0,52.0,53.0
343,52.0,52.0,53.0,52.0,55.0
344,51.0,53.0,51.0,52.0,53.0
345,52.0,53.0,50.0,53.0,52.0
346,52.0,51.0,54.0,52.0,55.0
347,51.0,53.0,53.0,51.0,53.0
348,52.0,51.0,51.0,53.0,54.0
349,52.0,52.0,51.0,52.0,52.0
350,51.0,53.0,55.0,53.0,52.0
351,54.0,53.0,53.0,54.0,52.0
352,52.0,50.0,51.0,54.0,53.0
353,51.0,51.0,53.0,53.0,54.0
354,53.0,52.0,55.0,51.0,53.0
355,52.0,52.0,52.0,52.0,54.0
356,54.0,52.0,52.0,53.0,53.0
357,53.0,51.0,53.0,52.0,54.0
358,53.0,53.0,52.0,53.0,53.0
359,51.0,52.0,52.0,51.0,52.0
360,51.0,52.0,53.0,53.0,53.0
361,53.0,54.0,53.0,51.0,54.0
362,51.0,53.0,49.0,51.0,52.0
363,53.0,53.0,55.0,50.0,49.0
364,52.0,51.0,52.0,52.0,52.0
365,53.0,52.0,50.0,51.0,53.0
366,51.0,53.0,51.0,51.0,52.0
367,51.0,51.0,54.0,51.0,54.0
368,52.0,53.0,51.0,50.0,53.0
369,51.0,52.0,52.0,53.0,50.0
370,53.0,53.0,53.0,53.0,53.0
371,52.0,54.0,53.0,54.0,54.0
372,53.0,52.0,51.0,51.0,51.0
373,53.0,54.0,51.0,52.0,52.0
374,54.0,53.0,53.0,53.0,51.0
375,51.0,53.0,54.0,54.0,53.0
376,52.0,53.0,51.0,50.0,53.0
377,54.0,53.0,54.0,54.0,50.0
378,55.0,54.0,54.0,52.0,52.0
379,52.0,53.0,49.0,52.0,51.0
380,53.0,51.0,55.0,55.0,54.0
381,53.0,53.0,55.0,52.0,53.0
382,54.0,53.0,50.0,51.0,52.0
383,52.0,52.0,51.0,49.0,53.0
384,51.0,52.0,55.0,52.0,54.0
385,52.0,53.0,52.0,54.0,51.0
386,54.0,53.0,52.0,51.0,52.0
387,52.0,54.0,54.0,53.0,52.0
388,52.0,52.0,52.0,52.0,53.0
389,54.0,51.0,51.0,54.0,52.0
390,53.0,53.0,50.0,53.0,55.0
391,52.0,52.0,56.0,52.0,53.0
392,53.0,52.0,49.0,53.0,53.0
393,51.0,52.0,51.0,52.0,51.0
394,52.0,50.0,53.0,52.0,52.0
395,53.0,52.0,55.0,51.0,52.0
396,52.0,53.0,49.0,53.0,52.0
397,53.0,53.0,52.0,53.0,52.0
398,54.0,51.0,53.0,53.0,53.0
399,52.0,53.0,50.0,52.0,53.0
400,52.0,52.0,52.0,50.0,54.0
401,53.0,52.0,51.0,53.0,52.0
402,54.0,52.0,52.0,53.0,52.0
403,54.0,52.0,53.0,51.0,51.0
404,54.0,53.0,51.0,53.0,51.0
405,53.0,52.0,50.0,51.0,53.0
406,53.0,53.0,50.0,52.0,52.0
407,54.0,53.0,51.0,52.0,53.0
408,51.0,52.0,53.0,50.0,52.0
409,54.0,52.0,53.0,52.0,51.0
410,53.0,54.0,51.0,52.0,52.0
411,54.0,53.0,52.0,51.0,53.0
412,51.0,53.0,53.0,52.0,51.0
413,52.0,53.0,54.0,50.0,52.0
414,53.0,53.0,54.0,52.0,53.0
415,52.0,50.0,52.0,51.0,50.0
416,55.0,52.0,54.0,54.0,51.0
417,54.0,54.0,53.0,51.0,53.0
418,53.0,52.0,52.0,52.0,52.0
419,53.0,53.0,51.0,53.0,53.0
420,51.0,53.0,53.0,53.0,52.0
421,51.0,53.0,53.0,51.0,52.0
422,51.0,54.0,54.0,52.0,53.0
423,50.0,52.0,54.0,52.0,51.0
424,52.0,54.0,51.0,54.0,51.0
425,52.0,55.0,51.0,54.0,52.0
426,54.0,52.0,53.0,54.0,53.0
427,55.0,54.0,51.0,52.0,54.0
428,55.0,55.0,51.0,51.0,51.0
429,52.0,53.0,51.0,52.0,55.0
430,52.0,51.0,53.0,51.0,52.0
431,54.0,53.0,51.0,52.0,52.0
432,53.0,53.0,54.0,51.0,53.0
433,52.0,52.0,52.0,53.0,53.0
434,53.0,51.0,52.0,52.0,53.0
435,53.0,54.0,52.0,50.0,51.0
436,55.0,54.0,54.0,50.0,52.0
437,54.0,53.0,53.0,51.0,51.0
438,52.0,52.0,52.0,52.0,51.0
439,54.0,52.0,50.0,53.0,54.0
440,55.0,52.0,51.0,53.0,51.0
441,52.0,51.0,52.0,52.0,53.0
442,51.0,53.0,51.0,54.0,52.0
443,53.0,54.0,54.0,52.0,54.0
444,52.0,55.0,55.0,50.0,52.0
445,52.0,52.0,52.0,54.0,49.0
446,53.0,52.0,54.0,54.0,51.0
447,53.0,54.0,50.0,51.0,52.0
448,52.0,53.0,52.0,50.0,54.0
449,53.0,52.0,51.0,51.0,51.0
450,51.0,53.0,51.0,51.0,52.0
451,53.0,52.0,51.0,50.0,52.0
452,53.0,52.0,50.0,52.0,53.0
453,52.0,53.0,54.0,53.0,52.0
454,53.0,53.0,52.0,53.0,51.0
455,53.0,53.0,50.0,53.0,51.0
456,53.0,54.0,53.0,53.0,54.0
457,53.0,53.0,52.0,54.0,53.0
458,51.0,54.0,53.0,52.0,51.0
459,52.0,53.0,53.0,54.0,52.0
460,54.0,52.0,53.0,51.0,50.0
461,52.0,54.0,51.0,52.0,51.0
462,52.0,54.0,50.0,53.0,51.0
463,52.0,52.0,55.0,52.0,51.0
464,53.0,53.0,51.0,53.0,53.0
465,52.0,55.0,52.0,52.0,52.0
466,52.0,51.0,51.0,51.0,52.0
467,53.0,51.0,51.0,53.0,52.0
468,54.0,52.0,54.0,53.0,53.0
469,54.0,52.0,52.0,52.0,51.0
470,52.0,54.0,53.0,52.0,51.0
471,53.0,50.0,54.0,51.0,52.0
472,54.0,53.0,51.0,55.0,52.0
473,55.0,53.0,52.0,52.0,52.0
474,53.0,52.0,50.0,51.0,52.0
475,52.0,53.0,52.0,52.0,51.0
476,52.0,54.0,52.0,52.0,53.0
477,53.0,53.0,51.0,52.0,52.0
478,53.0,56.0,51.0,52.0,50.0
479,53.0,50.0,53.0,55.0,52.0
480,53.0,53.0,53.0,54.0,52.0
481,53.0,55.0,50.0,54.0,52.0
482,53.0,53.0,52.0,52.0,53.0
483,51.0,52.0,52.0,51.0,52.0
484,53.0,51.0,51.0,53.0,51.0
485,53.0,52.0,54.0,52.0,53.0
486,50.0,54.0,52.0,53.0,52.0
487,52.0,53.0,51.0,50.0,52.0
488,53.0,52.0,53.0,52.0,52.0
489,53.0,53.0,50.0,54.0,53.0
490,53.0,55.0,51.0,51.0,53.0
491,53.0,52.0,51.0,54.0,53.0
492,54.0,52.0,54.0,53.0,53.0
493,53.0,52.0,51.0,51.0,54.0
494,53.0,54.0,51.0,54.0,52.0
495,54.0,53.0,54.0,54.0,53.0
496,55.0,52.0,52.0,51.0,54.0
497,54.0,51.0,51.0,52.0,54.0
498,52.0,52.0,52.0,49.0,53.0
499,50.0,51.0,52.0,48.0,53.0
500,53.0,52.0,51.0,51.0,53.0
501,55.0,51.0,50.0,53.0,52.0
502,54.0,53.0,53.0,52.0,51.0
503,52.0,53.0,52.0,50.0,52.0
504,53.0,54.0,50.0,52.0,51.0
505,53.0,54.0,53.0,52.0,51.0
506,53.0,52.0,52.0,51.0,52.0
507,53.0,53.0,53.0,50.0,53.0
508,52.0,53.0,51.0,51.0,52.0
509,52.0,55.0,50.0,52.0,53.0
510,55.0,54.0,51.0,52.0,51.0
511,53.0,53.0,50.0,52.0,51.0
512,51.0,54.0,54.0,51.0,53.0
513,53.0,53.0,52.0,53.0,54.0
514,54.0,54.0,51.0,52.0,53.0
515,52.0,52.0,54.0,53.0,51.0
516,54.0,55.0,52.0,51.0,52.0
517,54.0,53.0,53.0,54.0,53.0
518,51.0,53.0,52.0,53.0,54.0
519,53.0,55.0,53.0,53.0,54.0
520,53.0,54.0,55.0,50.0,53.0
521,52.0,53.0,52.0,53.0,51.0
522,51.0,52.0,55.0,51.0,51.0
523,51.0,52.0,54.0,50.0,53.0
524,51.0,54.0,51.0,52.0,51.0
525,51.0,54.0,52.0,53.0,53.0
526,51.0,52.0,53.0,53.0,52.0
527,52.0,54.0,53.0,52.0,51.0
528,53.0,53.0,53.0,53.0,53.0
529,53.0,54.0,52.0,51.0,52.0
530,51.0,53.0,51.0,50.0,55.0
531,51.0,52.0,52.0,52.0,53.0
532,52.0,55.0,54.0,52.0,50.0
533,52.0,52.0,54.0,51.0,53.0
534,52.0,52.0,52.0,52.0,53.0
535,52.0,52.0,53.0,51.0,51.0
536,53.0,53.0,54.0,51.0,51.0
537,51.0,53.0,54.0,52.0,51.0
538,53.0,53.0,51.0,53.0,51.0
539,54.0,53.0,51.0,52.0,53.0
540,52.0,55.0,53.0,52.0,51.0
541,53.0,52.0,53.0,52.0,54.0
542,52.0,53.0,53.0,51.0,51.0
543,52.0,54.0,51.0,52.0,51.0
544,55.0,52.0,53.0,52.0,53.0
545,53.0,52.0,53.0,53.0,53.0
546,53.0,53.0,53.0,51.0,52.0
547,52.0,53.0,53.0,52.0,52.0
548,52.0,54.0,53.0,54.0,50.0
549,51.0,54.0,53.0,50.0,51.0
550,52.0,52.0,53.0,51.0,51.0
551,53.0,53.0,53.0,52.0,52.0
552,53.0,54.0,53.0,52.0,52.0
553,54.0,51.0,54.0,51.0,53.0
554,51.0,52.0,53.0,52.0,53.0
555,51.0,54.0,53.0,53.0,52.0
556,51.0,54.0,51.0,50.0,52.0
557,51.0,54.0,51.0,52.0,53.0
558,53.0,52.0,53.0,54.0,52.0
559,52.0,52.0,52.0,52.0,53.0
560,52.0,53.0,52.0,51.0,53.0
561,52.0,53.0,53.0,53.0,51.0
562,51.0,54.0,53.0,52.0,52.0
563,53.0,52.0,52.0,53.0,53.0
564,51.0,52.0,51.0,53.0,53.0
565,52.0,52.0,53.0,52.0,54.0
566,52.0,52.0,52.0,51.0,54.0
567,52.0,52.0,54.0,53.0,52.0
568,53.0,54.0,54.0,53.0,52.0
569,51.0,52.0,54.0,52.0,53.0
570,51.0,56.0,52.0,51.0,51.0
571,53.0,52.0,52.0,52.0,51.0
572,50.0,54.0,54.0,51.0,53.0
573,51.0,53.0,53.0,52.0,53.0
574,52.0,52.0,53.0,54.0,53.0
575,50.0,54.0,53.0,54.0,53.0
576,54.0,52.0,52.0,52.0,52.0
577,51.0,53.0,50.0,52.0,54.0
578,52.0,54.0,51.0,54.0,53.0
579,53.0,55.0,53.0,53.0,53.0
580,54.0,52.0,53.0,52.0,52.0
581,52.0,54.0,51.0,51.0,52.0
582,53.0,54.0,53.0,52.0,53.0
583,54.0,53.0,53.0,50.0,53.0
584,51.0,53.0,52.0,54.0,52.0
585,52.0,51.0,55.0,51.0,54.0
586,53.0,52.0,52.0,52.0,53.0
587,53.0,53.0,52.0,54.0,52.0
588,53.0,53.0,52.0,52.0,53.0
589,52.0,52.0,51.0,52.0,52.0
590,51.0,52.0,51.0,51.0,52.0
591,52.0,50.0,53.0,53.0,54.0
592,52.0,52.0,52.0,52.0,52.0
593,53.0,53.0,53.0,50.0,54.0
594,52.0,53.0,52.0,53.0,53.0
595,53.0,53.0,52.0,52.0,54.0
596,53.0,51.0,54.0,53.0,52.0
597,52.0,52.0,53.0,50.0,52.0
598,52.0,51.0,53.0,54.0,53.0
599,54.0,53.0,51.0,54.0,52.0
600,53.0,53.0,52.0,51.0,52.0
601,54.0,55.0,52.0,52.0,53.0
602,52.0,52.0,52.0,54.0,52.0
603,53.0,52.0,53.0,53.0,53.0
604,53.0,51.0,51.0,54.0,52.0
605,52.0,53.0,52.0,52.0,53.0
606,52.0,53.0,53.0,50.0,53.0
607,52.0,52.0,53.0,51.0,52.0
608,54.0,52.0,52.0,54.0,52.0
609,52.0,52.0,51.0,52.0,51.0
610,53.0,53.0,54.0,51.0,51.0
611,52.0,53.0,53.0,52.0,52.0
612,51.0,54.0,53.0,51.0,54.0
613,52.0,52.0,52.0,52.0,54.0
614,51.0,54.0,51.0,52.0,53.0
615,54.0,54.0,53.0,50.0,53.0
616,54.0,52.0,53.0,53.0,53.0
617,53.0,54.0,52.0,52.0,54.0
618,53.0,52.0,53.0,52.0,53.0
619,53.0,52.0,52.0,53.0,52.0
620,53.0,53.0,53.0,53.0,52.0
621,53.0,54.0,53.0,54.0,52.0
622,51.0,54.0,54.0,50.0,52.0
623,53.0,53.0,54.0,53.0,54.0
624,52.0,53.0,54.0,53.0,53.0
625,53.0,54.0,53.0,51.0,53.0
626,52.0,53.0,54.0,53.0,51.0
627,52.0,54.0,53.0,52.0,51.0
628,53.0,51.0,52.0,50.0,54.0
629,53.0,52.0,51.0,53.0,53.0
630,52.0,52.0,51.0,53.0,52.0
631,54.0,51.0,54.0,53.0,53.0
632,53.0,54.0,54.0,52.0,54.0
633,51.0,54.0,51.0,53.0,53.0
634,53.0,54.0,53.0,52.0,52.0
635,51.0,53.0,54.0,51.0,53.0
636,52.0,52.0,52.0,51.0,54.0
637,54.0,52.0,52.0,53.0,54.0
638,52.0,52.0,50.0,53.0,52.0
639,52.0,51.0,51.0,51.0,51.0
640,52.0,52.0,54.0,53.0,54.0
641,53.0,52.0,52.0,51.0,52.0
642,55.0,53.0,53.0,52.0,53.0
643,55.0,53.0,52.0,53.0,53.0
644,53.0,52.0,53.0,52.0,52.0
645,53.0,51.0,53.0,53.0,53.0
646,52.0,53.0,53.0,52.0,53.0
647,52.0,55.0,52.0,53.0,50.0
648,54.0,53.0,53.0,51.0,52.0
649,54.0,54.0,51.0,50.0,53.0
650,53.0,51.0,53.0,54.0,53.0
651,52.0,53.0,52.0,53.0,53.0
652,54.0,53.0,51.0,53.0,53.0
653,53.0,52.0,54.0,54.0,53.0
654,52.0,53.0,51.0,52.0,51.0
655,53.0,52.0,52.0,51.0,52.0
656,52.0,52.0,54.0,52.0,52.0
657,50.0,54.0,53.0,52.0,52.0
658,53.0,53.0,52.0,52.0,53.0
659,54.0,54.0,53.0,51.0,51.0
660,49.0,52.0,53.0,52.0,51.0
661,52.0,52.0,51.0,53.0,52.0
662,53.0,51.0,52.0,53.0,52.0
663,52.0,54.0,49.0,54.0,54.0
664,54.0,52.0,52.0,53.0,54.0
665,53.0,51.0,54.0,50.0,53.0
666,52.0,52.0,53.0,53.0,55.0
667,53.0,52.0,53.0,51.0,52.0
668,53.0,54.0,53.0,52.0,53.0
669,55.0,51.0,53.0,52.0,53.0
670,53.0,52.0,54.0,52.0,53.0
671,51.0,52.0,52.0,52.0,52.0
672,53.0,54.0,53.0,52.0,53.0
673,51.0,52.0,55.0,52.0,54.0
674,52.0,53.0,52.0,55.0,52.0
675,52.0,52.0,53.0,52.0,53.0
676,52.0,53.0,52.0,52.0,50.0
677,53.0,51.0,52.0,53.0,53.0
678,52.0,52.0,52.0,53.0,52.0
679,52.0,53.0,52.0,53.0,51.0
680,53.0,52.0,52.0,52.0,54.0
681,51.0,52.0,52.0,51.0,54.0
682,53.0,54.0,53.0,52.0,52.0
683,55.0,53.0,52.0,51.0,55.0
684,53.0,54.0,53.0,52.0,55.0
685,53.0,51.0,51.0,51.0,53.0
686,54.0,51.0,53.0,51.0,50.0
687,52.0,52.0,54.0,52.0,54.0
688,52.0,52.0,54.0,53.0,52.0
689,53.0,53.0,52.0,52.0,51.0
690,50.0,51.0,52.0,52.0,54.0
691,53.0,53.0,53.0,53.0,53.0
692,52.0,53.0,53.0,52.0,52.0
693,52.0,52.0,52.0,52.0,53.0
694,53.0,53.0,53.0,53.0,55.0
695,53.0,52.0,53.0,53.0,52.0
696,52.0,52.0,51.0,53.0,50.0
697,51.0,52.0,53.0,55.0,52.0
698,52.0,52.0,53.0,53.0,53.0
699,53.0,52.0,52.0,53.0,52.0
700,52.0,52.0,53.0,51.0,53.0
701,53.0,54.0,53.0,52.0,52.0
702,53.0,55.0,52.0,51.0,52.0
703,53.0,52.0,51.0,52.0,51.0
704,52.0,54.0,52.0,51.0,54.0
705,50.0,53.0,52.0,51.0,53.0
706,52.0,52.0,51.0,52.0,52.0
707,51.0,53.0,52.0,50.0,53.0
708,53.0,53.0,53.0,53.0,52.0
709,52.0,52.0,54.0,54.0,50.0
710,52.0,51.0,55.0,50.0,53.0
711,52.0,52.0,52.0,52.0,53.0
712,54.0,52.0,52.0,50.0,52.0
713,53.0,52.0,52.0,51.0,53.0
714,54.0,53.0,53.0,50.0,54.0
715,51.0,53.0,52.0,52.0,53.0
716,54.0,53.0,52.0,52.0,54.0
717,53.0,53.0,54.0,51.0,52.0
718,53.0,53.0,54.0,52.0,52.0
719,53.0,52.0,53.0,52.0,55.0
720,54.0,53.0,53.0,53.0,54.0
721,54.0,53.0,52.0,52.0,52.0
722,52.0,54.0,53.0,51.0,52.0
723,50.0,52.0,54.0,51.0,52.0
724,53.0,52.0,52.0,53.0,51.0
725,53.0,51.0,53.0,52.0,52.0
726,54.0,51.0,52.0,52.0,54.0
727,52.0,54.0,51.0,52.0,55.0
728,54.0,52.0,51.0,54.0,53.0
729,52.0,55.0,54.0,53.0,53.0
730,52.0,53.0,54.0,50.0,53.0
731,54.0,52.0,53.0,54.0,54.0
732,50.0,53.0,54.0,51.0,52.0
733,52.0,52.0,54.0,52.0,52.0
734,51.0,52.0,53.0,52.0,52.0
735,53.0,52.0,54.0,51.0,54.0
736,51.0,53.0,51.0,54.0,52.0
737,52.0,54.0,52.0,50.0,51.0
738,53.0,53.0,53.0,53.0,53.0
739,53.0,51.0,53.0,55.0,52.0
740,52.0,54.0,54.0,51.0,54.0
741,53.0,54.0,54.0,52.0,53.0
742,51.0,52.0,54.0,49.0,53.0
743,53.0,54.0,52.0,55.0,55.0
744,52.0,54.0,53.0,54.0,53.0
745,52.0,54.0,53.0,51.0,52.0
746,52.0,54.0,53.0,52.0,53.0
747,51.0,53.0,52.0,52.0,52.0
748,55.0,52.0,52.0,53.0,50.0
749,53.0,51.0,52.0,50.0,53.0
750,52.0,52.0,54.0,51.0,53.0
751,53.0,52.0,55.0,53.0,53.0
752,54.0,52.0,53.0,53.0,53.0
753,54.0,54.0,53.0,54.0,54.0
754,51.0,54.0,53.0,50.0,54.0
755,52.0,51.0,52.0,52.0,52.0
756,53.0,54.0,53.0,54.0,53.0
757,53.0,52.0,54.0,51.0,51.0
758,51.0,54.0,53.0,52.0,52.0
759,52.0,52.0,52.0,52.0,53.0
760,53.0,53.0,54.0,51.0,54.0
761,52.0,54.0,53.0,52.0,54.0
762,53.0,52.0,53.0,52.0,53.0
763,53.0,53.0,54.0,53.0,55.0
764,52.0,53.0,52.0,52.0,53.0
765,53.0,52.0,54.0,53.0,53.0
766,52.0,53.0,53.0,53.0,51.0
767,55.0,53.0,53.0,51.0,53.0
768,54.0,51.0,54.0,54.0,55.0
769,52.0,54.0,55.0,52.0,53.0
770,54.0,52.0,53.0,52.0,53.0
771,53.0,52.0,54.0,52.0,55.0
772,51.0,52.0,52.0,53.0,52.0
773,53.0,53.0,52.0,52.0,56.0
774,52.0,54.0,54.0,51.0,53.0
775,53.0,52.0,52.0,52.0,53.0
776,54.0,53.0,53.0,53.0,54.0
777,52.0,54.0,54.0,52.0,53.0
778,54.0,54.0,53.0,50.0,53.0
779,55.0,54.0,53.0,53.0,51.0
780,52.0,54.0,52.0,53.0,53.0
781,52.0,53.0,52.0,53.0,54.0
782,52.0,52.0,55.0,53.0,55.0
783,51.0,53.0,53.0,53.0,55.0
784,52.0,55.0,52.0,53.0,53.0
785,53.0,54.0,54.0,53.0,52.0
786,54.0,54.0,52.0,53.0,53.0
787,55.0,55.0,53.0,52.0,53.0
788,51.0,54.0,53.0,54.0,54.0
789,53.0,53.0,53.0,54.0,52.0
790,52.0,52.0,53.0,54.0,51.0
791,53.0,53.0,51.0,52.0,54.0
792,54.0,54.0,53.0,52.0,52.0
793,52.0,53.0,53.0,54.0,51.0
794,52.0,53.0,54.0,52.0,53.0
795,53.0,55.0,55.0,51.0,53.0
796,52.0,52.0,52.0,53.0,54.0
797,53.0,54.0,52.0,53.0,54.0
798,53.0,52.0,52.0,53.0,53.0
799,52.0,54.0,51.0,52.0,52.0
800,51.0,52.0,53.0,54.0,53.0
801,54.0,52.0,51.0,52.0,54.0
802,52.0,53.0,53.0,53.0,54.0
803,53.0,52.0,55.0,52.0,53.0
804,52.0,54.0,54.0,52.0,53.0
805,53.0,53.0,52.0,51.0,53.0
806,54.0,53.0,53.0,54.0,52.0
807,52.0,52.0,54.0,52.0,55.0
808,54.0,53.0,49.0,54.0,51.0
809,51.0,53.0,54.0,54.0,54.0
810,51.0,52.0,52.0,51.0,56.0
811,53.0,53.0,52.0,51.0,53.0
812,52.0,53.0,55.0,51.0,53.0
813,55.0,53.0,54.0,50.0,52.0
814,53.0,53.0,51.0,54.0,52.0
815,52.0,51.0,53.0,53.0,55.0
816,55.0,53.0,55.0,52.0,53.0
817,52.0,52.0,55.0,51.0,54.0
818,51.0,53.0,54.0,52.0,53.0
819,54.0,53.0,54.0,52.0,53.0
820,52.0,53.0,53.0,52.0,53.0
821,53.0,55.0,51.0,54.0,53.0
822,52.0,53.0,55.0,53.0,52.0
823,53.0,53.0,51.0,52.0,52.0
824,53.0,54.0,54.0,52.0,51.0
825,52.0,52.0,53.0,53.0,52.0
826,53.0,54.0,53.0,54.0,53.0
827,53.0,55.0,53.0,54.0,52.0
828,52.0,53.0,53.0,53.0,52.0
829,52.0,53.0,54.0,52.0,52.0
830,53.0,50.0,55.0,52.0,54.0
831,52.0,54.0,53.0,52.0,54.0
832,52.0,55.0,52.0,51.0,51.0
833,54.0,53.0,53.0,53.0,53.0
834,53.0,52.0,54.0,52.0,53.0
835,53.0,56.0,52.0,54.0,51.0
836,54.0,54.0,52.0,53.0,54.0
837,51.0,52.0,50.0,51.0,54.0
838,53.0,52.0,50.0,53.0,54.0
839,53.0,53.0,52.0,51.0,54.0
840,52.0,52.0,53.0,54.0,52.0
841,53.0,53.0,53.0,53.0,54.0
842,53.0,51.0,54.0,50.0,53.0
843,53.0,52.0,53.0,52.0,52.0
844,52.0,54.0,53.0,51.0,53.0
845,52.0,53.0,54.0,51.0,51.0
846,54.0,53.0,53.0,54.0,54.0
847,54.0,52.0,52.0,50.0,52.0
848,53.0,53.0,52.0,53.0,52.0
849,52.0,52.0,55.0,53.0,53.0
850,55.0,50.0,54.0,53.0,52.0
851,52.0,53.0,53.0,55.0,52.0
852,51.0,53.0,53.0,53.0,52.0
853,53.0,51.0,53.0,52.0,53.0
854,52.0,54.0,53.0,52.0,53.0
855,53.0,53.0,53.0,55.0,52.0
856,52.0,52.0,53.0,52.0,54.0
857,52.0,52.0,50.0,53.0,55.0
858,52.0,53.0,53.0,53.0,52.0
859,51.0,53.0,54.0,53.0,53.0
860,53.0,50.0,53.0,52.0,52.0
861,51.0,52.0,52.0,52.0,52.0
862,52.0,52.0,52.0,52.0,53.0
863,54.0,52.0,52.0,52.0,54.0
864,52.0,53.0,54.0,50.0,53.0
865,55.0,51.0,53.0,52.0,54.0
866,53.0,53.0,53.0,53.0,52.0
867,52.0,53.0,51.0,52.0,53.0
868,54.0,53.0,52.0,53.0,53.0
869,54.0,53.0,54.0,51.0,54.0
870,53.0,52.0,51.0,51.0,52.0
871,51.0,53.0,53.0,53.0,53.0
872,51.0,54.0,53.0,54.0,54.0
873,54.0,55.0,51.0,51.0,52.0
874,51.0,53.0,52.0,52.0,52.0
875,52.0,52.0,53.0,53.0,54.0
876,53.0,54.0,53.0,53.0,51.0
877,54.0,54.0,53.0,52.0,51.0
878,53.0,54.0,54.0,52.0,52.0
879,52.0,52.0,54.0,53.0,54.0
880,53.0,52.0,51.0,53.0,53.0
881,53.0,54.0,52.0,52.0,53.0
882,53.0,54.0,54.0,52.0,53.0
883,52.0,53.0,51.0,52.0,53.0
884,52.0,53.0,51.0,53.0,54.0
885,54.0,54.0,51.0,52.0,55.0
886,53.0,52.0,53.0,52.0,53.0
887,53.0,53.0,55.0,53.0,53.0
888,53.0,51.0,53.0,53.0,51.0
889,52.0,50.0,52.0,54.0,52.0
890,52.0,54.0,53.0,53.0,55.0
891,54.0,52.0,51.0,52.0,52.0
892,54.0,55.0,54.0,51.0,54.0
893,52.0,54.0,53.0,53.0,52.0
894,53.0,53.0,52.0,52.0,53.0
895,51.0,51.0,52.0,55.0,53.0
896,53.0,53.0,51.0,53.0,51.0
897,52.0,54.0,53.0,54.0,54.0
898,52.0,55.0,53.0,54.0,52.0
899,54.0,51.0,54.0,53.0,51.0
900,54.0,54.0,52.0,52.0,53.0
901,54.0,52.0,53.0,51.0,53.0
902,54.0,54.0,53.0,52.0,53.0
903,52.0,52.0,54.0,52.0,50.0
904,50.0,52.0,52.0,51.0,54.0
905,53.0,53.0,52.0,52.0,55.0
906,52.0,52.0,52.0,53.0,51.0
907,51.0,53.0,53.0,52.0,52.0
908,50.0,53.0,53.0,54.0,51.0
909,50.0,54.0,50.0,53.0,52.0
910,53.0,52.0,52.0,51.0,51.0
911,53.0,54.0,53.0,52.0,51.0
912,53.0,54.0,53.0,51.0,53.0
913,52.0,53.0,52.0,55.0,52.0
914,52.0,53.0,53.0,52.0,53.0
915,53.0,54.0,52.0,54.0,53.0
916,52.0,55.0,53.0,53.0,51.0
917,51.0,53.0,52.0,53.0,53.0
918,54.0,52.0,53.0,55.0,54.0
919,54.0,54.0,53.0,53.0,53.0
920,52.0,52.0,53.0,52.0,51.0
921,51.0,53.0,53.0,53.0,56.0
922,54.0,53.0,53.0,52.0,54.0
923,55.0,53.0,53.0,52.0,53.0
924,51.0,52.0,52.0,52.0,52.0
925,52.0,52.0,52.0,52.0,52.0
926,53.0,53.0,52.0,53.0,54.0
927,52.0,53.0,52.0,52.0,52.0
928,53.0,54.0,51.0,55.0,52.0
929,52.0,53.0,54.0,52.0,54.0
930,52.0,53.0,51.0,54.0,53.0
931,52.0,53.0,53.0,52.0,52.0
932,52.0,53.0,52.0,52.0,52.0
933,51.0,52.0,52.0,54.0,51.0
934,53.0,52.0,53.0,53.0,55.0
935,52.0,51.0,50.0,53.0,56.0
936,53.0,54.0,52.0,51.0,51.0
937,51.0,50.0,52.0,51.0,52.0
938,52.0,53.0,52.0,52.0,53.0
939,52.0,55.0,53.0,51.0,54.0
940,53.0,53.0,54.0,53.0,54.0
941,52.0,53.0,53.0,51.0,54.0
942,53.0,53.0,53.0,52.0,53.0
943,53.0,53.0,53.0,53.0,53.0
944,52.0,52.0,52.0,54.0,54.0
945,52.0,51.0,55.0,54.0,54.0
946,51.0,54.0,53.0,50.0,54.0
947,52.0,52.0,50.0,52.0,53.0
948,53.0,53.0,54.0,52.0,52.0
949,54.0,53.0,52.0,52.0,53.0
950,52.0,53.0,52.0,54.0,52.0
951,52.0,54.0,53.0,52.0,53.0
952,53.0,53.0,52.0,53.0,52.0
953,53.0,53.0,54.0,53.0,52.0
954,51.0,55.0,55.0,54.0,51.0
955,52.0,53.0,53.0,53.0,53.0
956,52.0,53.0,52.0,54.0,52.0
957,51.0,53.0,52.0,54.0,49.0
958,52.0,53.0,53.0,53.0,52.0
959,53.0,55.0,52.0,51.0,53.0
960,53.0,53.0,49.0,53.0,51.0
961,52.0,51.0,52.0,53.0,53.0
962,52.0,50.0,52.0,50.0,53.0
963,53.0,52.0,53.0,54.0,53.0
964,51.0,53.0,53.0,53.0,53.0
965,52.0,53.0,53.0,52.0,52.0
966,52.0,53.0,52.0,52.0,50.0
967,53.0,51.0,53.0,51.0,53.0
968,53.0,53.0,52.0,53.0,52.0
969,52.0,53.0,53.0,51.0,53.0
970,52.0,52.0,52.0,54.0,51.0
971,52.0,52.0,53.0,53.0,54.0
972,52.0,52.0,51.0,53.0,54.0
973,52.0,52.0,53.0,53.0,53.0
974,53.0,53.0,54.0,54.0,53.0
975,52.0,53.0,53.0,54.0,54.0
976,52.0,52.0,52.0,53.0,53.0
977,51.0,53.0,54.0,53.0,52.0
978,50.0,49.0,54.0,51.0,54.0
979,51.0,52.0,52.0,51.0,53.0
980,52.0,52.0,52.0,54.0,53.0
981,50.0,53.0,52.0,52.0,54.0
982,51.0,52.0,52.0,52.0,52.0
983,50.0,51.0,53.0,51.0,53.0
984,50.0,52.0,52.0,53.0,52.0
985,54.0,52.0,51.0,53.0,53.0
986,53.0,53.0,53.0,53.0,51.0
987,52.0,53.0,52.0,52.0,51.0
988,52.0,53.0,52.0,53.0,53.0
989,52.0,51.0,53.0,51.0,53.0
990,52.0,53.0,51.0,52.0,52.0
991,52.0,53.0,53.0,51.0,53.0
992,54.0,54.0,54.0,52.0,52.0
993,51.0,51.0,52.0,52.0,51.0
994,51.0,51.0,52.0,52.0,54.0
995,53.0,52.0,51.0,53.0,50.0
996,52.0,52.0,54.0,53.0,52.0
997,53.0,52.0,52.0,52.0,52.0
998,52.0,52.0,52.0,51.0,54.0
999,53.0,52.0,52.0,52.0,53.0
1000,53.0,52.0,51.0,53.0,52.0
1001,53.0,54.0,52.0,53.0,52.0
1002,52.0,55.0,52.0,50.0,52.0
1003,53.0,54.0,53.0,51.0,52.0
1004,52.0,55.0,51.0,51.0,53.0
1005,53.0,52.0,53.0,53.0,51.0
1006,52.0,52.0,53.0,52.0,52.0
1007,50.0,53.0,54.0,52.0,52.0
1008,52.0,54.0,53.0,52.0,52.0
1009,51.0,52.0,51.0,52.0,50.0
1010,52.0,53.0,53.0,53.0,52.0
1011,53.0,53.0,52.0,54.0,50.0
1012,53.0,52.0,51.0,53.0,52.0
1013,53.0,52.0,52.0,54.0,52.0
1014,50.0,54.0,53.0,51.0,53.0
1015,53.0,52.0,54.0,53.0,51.0
1016,52.0,54.0,54.0,54.0,51.0
1017,53.0,51.0,53.0,53.0,53.0
1018,52.0,54.0,52.0,53.0,52.0
1019,52.0,54.0,51.0,53.0,53.0
1020,51.0,52.0,54.0,55.0,54.0
1021,52.0,53.0,52.0,53.0,53.0
1022,51.0,52.0,53.0,52.0,52.0
1023,52.0,52.0,52.0,54.0,53.0
1024,52.0,52.0,53.0,50.0,52.0
1025,52.0,52.0,55.0,53.0,51.0
1026,52.0,53.0,54.0,56.0,53.0
1027,53.0,52.0,53.0,54.0,55.0
1028,53.0,53.0,52.0,53.0,52.0
1029,50.0,54.0,52.0,53.0,53.0
1030,53.0,51.0,52.0,52.0,53.0
1031,52.0,53.0,53.0,52.0,52.0
1032,53.0,52.0,53.0,53.0,51.0
1033,53.0,53.0,52.0,53.0,51.0
1034,53.0,54.0,53.0,53.0,51.0
1035,53.0,51.0,50.0,53.0,52.0
1036,52.0,51.0,52.0,53.0,50.0
1037,53.0,53.0,53.0,53.0,53.0
1038,53.0,53.0,52.0,52.0,54.0
1039,53.0,51.0,54.0,55.0,53.0
1040,52.0,52.0,54.0,54.0,52.0
1041,53.0,53.0,53.0,53.0,52.0
1042,52.0,52.0,52.0,53.0,52.0
1043,51.0,53.0,53.0,53.0,52.0
1044,51.0,52.0,54.0,53.0,53.0
1045,50.0,52.0,52.0,54.0,52.0
1046,50.0,55.0,52.0,52.0,54.0
1047,50.0,54.0,53.0,53.0,53.0
1048,50.0,52.0,55.0,52.0,53.0
1049,52.0,52.0,54.0,52.0,55.0
1050,54.0,52.0,51.0,53.0,54.0
1051,52.0,52.0,54.0,52.0,52.0
1052,54.0,52.0,54.0,55.0,52.0
1053,52.0,53.0,52.0,55.0,52.0
1054,53.0,53.0,53.0,53.0,53.0
1055,53.0,52.0,49.0,53.0,52.0
1056,50.0,52.0,53.0,53.0,50.0
1057,53.0,51.0,55.0,54.0,52.0
1058,53.0,54.0,54.0,54.0,54.0
1059,52.0,54.0,52.0,53.0,55.0
1060,53.0,51.0,53.0,54.0,53.0
1061,54.0,54.0,52.0,51.0,52.0
1062,53.0,53.0,52.0,54.0,51.0
1063,52.0,53.0,54.0,54.0,52.0
1064,52.0,54.0,51.0,53.0,52.0
1065,52.0,53.0,53.0,51.0,52.0
1066,52.0,51.0,52.0,53.0,54.0
1067,52.0,52.0,52.0,53.0,51.0
1068,51.0,51.0,53.0,53.0,53.0
1069,53.0,51.0,52.0,53.0,50.0
1070,54.0,52.0,52.0,53.0,53.0
1071,51.0,52.0,52.0,52.0,51.0
1072,53.0,52.0,51.0,54.0,50.0
1073,53.0,51.0,52.0,54.0,52.0
1074,53.0,52.0,49.0,54.0,52.0
1075,55.0,53.0,53.0,52.0,51.0
1076,52.0,52.0,53.0,51.0,53.0
1077,53.0,51.0,54.0,53.0,51.0
1078,53.0,51.0,53.0,52.0,52.0
1079,53.0,52.0,52.0,52.0,53.0
1080,50.0,54.0,52.0,52.0,52.0
1081,52.0,54.0,53.0,53.0,55.0
1082,53.0,52.0,52.0,53.0,53.0
1083,53.0,52.0,54.0,52.0,52.0
1084,53.0,53.0,53.0,54.0,51.0
1085,54.0,53.0,51.0,54.0,53.0
1086,52.0,51.0,52.0,52.0,52.0
1087,54.0,52.0,51.0,54.0,53.0
1088,52.0,54.0,53.0,51.0,53.0
1089,53.0,52.0,52.0,53.0,53.0
1090,54.0,55.0,52.0,55.0,54.0
1091,51.0,53.0,53.0,54.0,52.0
1092,52.0,53.0,50.0,53.0,52.0
1093,53.0,52.0,53.0,54.0,51.0
1094,52.0,53.0,52.0,52.0,53.0
1095,52.0,52.0,52.0,52.0,52.0
1096,53.0,53.0,54.0,53.0,53.0
1097,51.0,51.0,51.0,53.0,52.0
1098,52.0,52.0,52.0,51.0,53.0
1099,53.0,53.0,52.0,52.0,51.0
1100,52.0,53.0,51.0,53.0,51.0
1101,53.0,53.0,55.0,52.0,53.0
1102,53.0,52.0,51.0,51.0,52.0
1103,53.0,51.0,55.0,51.0,51.0
1104,52.0,53.0,52.0,54.0,53.0
1105,51.0,52.0,52.0,53.0,51.0
1106,52.0,51.0,54.0,53.0,53.0
1107,52.0,53.0,52.0,53.0,54.0
1108,53.0,53.0,52.0,52.0,52.0
1109,53.0,55.0,53.0,53.0,53.0
1110,53.0,54.0,53.0,53.0,50.0
1111,54.0,52.0,53.0,54.0,53.0
1112,53.0,53.0,52.0,52.0,53.0
1113,51.0,53.0,53.0,53.0,52.0
1114,52.0,52.0,54.0,54.0,52.0
1115,50.0,52.0,52.0,54.0,51.0
1116,53.0,54.0,53.0,54.0,52.0
1117,52.0,53.0,53.0,52.0,51.0
1118,52.0,55.0,51.0,53.0,53.0
1119,52.0,54.0,53.0,54.0,53.0
1120,53.0,53.0,52.0,52.0,54.0
1121,51.0,52.0,53.0,53.0,52.0
1122,50.0,53.0,53.0,52.0,52.0
1123,51.0,52.0,53.0,52.0,53.0
1124,51.0,52.0,53.0,53.0,52.0
1125,52.0,54.0,53.0,54.0,52.0
1126,52.0,52.0,53.0,54.0,54.0
1127,51.0,54.0,53.0,52.0,52.0
1128,53.0,53.0,53.0,53.0,53.0
1129,53.0,53.0,51.0,53.0,52.0
1130,54.0,51.0,53.0,54.0,52.0
1131,53.0,51.0,54.0,52.0,52.0
1132,53.0,52.0,51.0,53.0,50.0
1133,52.0,53.0,51.0,52.0,53.0
1134,51.0,52.0,52.0,51.0,51.0
1135,53.0,52.0,53.0,53.0,53.0
1136,52.0,53.0,53.0,52.0,54.0
1137,50.0,52.0,53.0,51.0,53.0
1138,52.0,52.0,53.0,53.0,53.0
1139,51.0,53.0,52.0,52.0,52.0
1140,51.0,51.0,53.0,52.0,53.0
1141,51.0,53.0,53.0,54.0,53.0
1142,51.0,51.0,52.0,53.0,51.0
1143,53.0,53.0,54.0,53.0,52.0
1144,53.0,53.0,53.0,53.0,54.0
1145,51.0,51.0,52.0,52.0,54.0
1146,52.0,54.0,54.0,52.0,53.0
1147,52.0,52.0,53.0,52.0,51.0
1148,52.0,53.0,53.0,51.0,54.0
1149,52.0,53.0,52.0,54.0,54.0
1150,54.0,55.0,52.0,50.0,53.0
1151,52.0,56.0,52.0,52.0,52.0
1152,53.0,52.0,51.0,54.0,52.0
1153,54.0,52.0,50.0,53.0,54.0
1154,52.0,54.0,51.0,53.0,52.0
1155,52.0,54.0,53.0,53.0,51.0
1156,51.0,52.0,54.0,52.0,53.0
1157,52.0,54.0,52.0,53.0,52.0
1158,51.0,55.0,52.0,52.0,53.0
1159,51.0,50.0,52.0,52.0,53.0
1160,53.0,52.0,52.0,54.0,52.0
1161,54.0,53.0,53.0,54.0,53.0
1162,53.0,54.0,51.0,53.0,51.0
1163,51.0,51.0,55.0,52.0,52.0
1164,52.0,50.0,56.0,52.0,50.0
1165,52.0,54.0,50.0,53.0,52.0
1166,51.0,52.0,53.0,54.0,54.0
1167,51.0,52.0,52.0,54.0,52.0
1168,51.0,54.0,52.0,54.0,51.0
1169,51.0,52.0,52.0,52.0,52.0
1170,53.0,51.0,53.0,52.0,50.0
1171,52.0,52.0,51.0,54.0,53.0
1172,53.0,52.0,52.0,53.0,53.0
1173,52.0,55.0,54.0,54.0,53.0
1174,52.0,52.0,54.0,53.0,52.0
1175,51.0,55.0,53.0,52.0,52.0
1176,51.0,53.0,52.0,51.0,53.0
1177,53.0,52.0,53.0,52.0,52.0
1178,52.0,54.0,53.0,53.0,53.0
1179,51.0,53.0,52.0,50.0,54.0
1180,52.0,52.0,52.0,54.0,52.0
1181,52.0,53.0,52.0,53.0,53.0
1182,53.0,53.0,52.0,54.0,52.0
1183,54.0,54.0,54.0,53.0,52.0
1184,52.0,51.0,53.0,55.0,54.0
1185,52.0,52.0,54.0,52.0,52.0
1186,53.0,54.0,53.0,54.0,53.0
1187,52.0,53.0,53.0,53.0,52.0
1188,54.0,54.0,52.0,51.0,53.0
1189,52.0,55.0,52.0,54.0,53.0
1190,53.0,51.0,54.0,54.0,51.0
1191,53.0,52.0,52.0,53.0,53.0
1192,51.0,53.0,53.0,53.0,53.0
1193,52.0,51.0,52.0,54.0,53.0
1194,53.0,52.0,51.0,54.0,53.0
1195,52.0,53.0,52.0,52.0,54.0
1196,53.0,54.0,52.0,53.0,52.0
1197,53.0,54.0,51.0,54.0,53.0
1198,54.0,52.0,51.0,53.0,54.0
1199,54.0,53.0,52.0,52.0,52.0
1200,50.0,51.0,54.0,52.0,53.0
1201,53.0,52.0,52.0,52.0,54.0
1202,52.0,52.0,52.0,53.0,53.0
1203,54.0,53.0,52.0,52.0,51.0
1204,54.0,52.0,50.0,55.0,51.0
1205,48.0,52.0,54.0,51.0,52.0
1206,52.0,50.0,53.0,53.0,53.0
1207,54.0,50.0,50.0,51.0,54.0
1208,52.0,53.0,52.0,52.0,53.0
1209,54.0,53.0,54.0,53.0,54.0
1210,53.0,50.0,54.0,52.0,53.0
1211,52.0,53.0,52.0,53.0,54.0
1212,51.0,52.0,54.0,53.0,54.0
1213,52.0,50.0,53.0,50.0,51.0
1214,52.0,52.0,53.0,55.0,52.0
1215,53.0,53.0,54.0,52.0,55.0
1216,52.0,51.0,53.0,53.0,54.0
1217,54.0,50.0,53.0,54.0,51.0
1218,51.0,52.0,56.0,53.0,53.0
1219,53.0,54.0,53.0,53.0,53.0
1220,51.0,52.0,52.0,51.0,52.0
1221,51.0,52.0,52.0,54.0,54.0
1222,51.0,52.0,52.0,53.0,53.0
1223,54.0,53.0,53.0,52.0,53.0
1224,50.0,53.0,53.0,53.0,52.0
1225,51.0,55.0,53.0,53.0,54.0
1226,52.0,53.0,52.0,53.0,53.0
1227,51.0,52.0,53.0,54.0,53.0
1228,52.0,52.0,52.0,53.0,52.0
1229,51.0,52.0,53.0,54.0,52.0
1230,53.0,54.0,53.0,52.0,51.0
1231,53.0,53.0,54.0,52.0,55.0
1232,51.0,52.0,51.0,54.0,52.0
1233,52.0,52.0,53.0,54.0,55.0
1234,53.0,50.0,53.0,53.0,52.0
1235,51.0,51.0,54.0,51.0,52.0
1236,52.0,53.0,52.0,51.0,54.0
1237,51.0,52.0,51.0,51.0,52.0
1238,51.0,52.0,51.0,53.0,54.0
1239,52.0,52.0,53.0,52.0,52.0
1240,51.0,53.0,51.0,51.0,52.0
1241,53.0,55.0,53.0,55.0,51.0
1242,53.0,54.0,52.0,53.0,52.0
1243,51.0,51.0,53.0,52.0,53.0
1244,52.0,53.0,51.0,53.0,53.0
1245,52.0,54.0,53.0,51.0,53.0
1246,53.0,51.0,54.0,51.0,53.0
1247,54.0,52.0,53.0,53.0,53.0
1248,52.0,54.0,54.0,52.0,53.0
1249,52.0,55.0,53.0,53.0,52.0
1250,52.0,54.0,54.0,54.0,52.0
1251,51.0,52.0,53.0,53.0,54.0
1252,52.0,52.0,49.0,53.0,51.0
1253,54.0,55.0,52.0,51.0,52.0
1254,51.0,53.0,53.0,53.0,51.0
1255,52.0,51.0,52.0,53.0,50.0
1256,51.0,53.0,53.0,53.0,53.0
1257,52.0,53.0,50.0,52.0,52.0
1258,53.0,52.0,54.0,51.0,53.0
1259,51.0,52.0,51.0,52.0,53.0
1260,50.0,52.0,54.0,53.0,55.0
1261,53.0,51.0,54.0,52.0,51.0
1262,51.0,53.0,53.0,53.0,51.0
1263,50.0,53.0,54.0,52.0,50.0
1264,50.0,53.0,51.0,51.0,51.0
1265,51.0,53.0,52.0,51.0,50.0
1266,52.0,51.0,53.0,52.0,52.0
1267,53.0,51.0,53.0,53.0,52.0
1268,52.0,52.0,54.0,54.0,55.0
1269,53.0,52.0,54.0,53.0,51.0
1270,49.0,51.0,53.0,53.0,52.0
1271,52.0,52.0,53.0,55.0,51.0
1272,53.0,52.0,50.0,53.0,52.0
1273,51.0,53.0,52.0,51.0,53.0
1274,52.0,53.0,50.0,53.0,53.0
1275,53.0,53.0,54.0,54.0,51.0
1276,51.0,51.0,52.0,55.0,52.0
1277,54.0,53.0,53.0,55.0,53.0
1278,51.0,54.0,53.0,54.0,53.0
1279,52.0,53.0,53.0,53.0,52.0
1280,51.0,53.0,54.0,54.0,53.0
1281,52.0,52.0,54.0,53.0,52.0
1282,52.0,54.0,53.0,53.0,53.0
1283,50.0,54.0,55.0,52.0,52.0
1284,52.0,52.0,52.0,53.0,52.0
1285,52.0,51.0,53.0,53.0,52.0
1286,51.0,51.0,53.0,51.0,53.0
1287,53.0,53.0,52.0,53.0,52.0
1288,52.0,53.0,52.0,52.0,53.0
1289,53.0,51.0,54.0,54.0,52.0
1290,53.0,52.0,54.0,51.0,52.0
1291,50.0,51.0,54.0,52.0,53.0
1292,53.0,54.0,54.0,52.0,53.0
1293,52.0,54.0,50.0,51.0,53.0
1294,53.0,52.0,53.0,53.0,52.0
1295,53.0,52.0,53.0,51.0,54.0
1296,54.0,52.0,52.0,53.0,54.0
1297,52.0,54.0,53.0,53.0,53.0
1298,52.0,52.0,53.0,53.0,52.0
1299,54.0,52.0,53.0,52.0,51.0
1300,51.0,52.0,53.0,51.0,53.0
1301,50.0,52.0,51.0,54.0,51.0
1302,51.0,52.0,53.0,52.0,52.0
1303,51.0,53.0,54.0,53.0,52.0
1304,51.0,53.0,53.0,54.0,51.0
1305,50.0,53.0,52.0,52.0,52.0
1306,51.0,52.0,51.0,51.0,50.0
1307,52.0,53.0,54.0,54.0,51.0
1308,52.0,52.0,55.0,52.0,54.0
1309,52.0,53.0,53.0,53.0,51.0
1310,51.0,52.0,52.0,52.0,51.0
1311,52.0,51.0,53.0,52.0,53.0
1312,53.0,53.0,53.0,52.0,51.0
1313,50.0,53.0,53.0,54.0,52.0
1314,54.0,50.0,54.0,54.0,55.0
1315,51.0,52.0,53.0,50.0,52.0
1316,51.0,53.0,54.0,52.0,52.0
1317,51.0,53.0,54.0,53.0,53.0
1318,51.0,53.0,53.0,51.0,52.0
1319,53.0,53.0,52.0,52.0,52.0
1320,49.0,53.0,51.0,55.0,53.0
1321,53.0,50.0,53.0,52.0,54.0
1322,50.0,52.0,53.0,52.0,53.0
1323,53.0,55.0,51.0,52.0,51.0
1324,54.0,52.0,53.0,53.0,52.0
1325,50.0,53.0,51.0,52.0,53.0
1326,51.0,53.0,52.0,51.0,55.0
1327,52.0,53.0,55.0,52.0,51.0
1328,52.0,49.0,54.0,51.0,52.0
1329,52.0,50.0,56.0,52.0,54.0
1330,51.0,54.0,52.0,53.0,52.0
1331,52.0,53.0,53.0,54.0,54.0
1332,52.0,51.0,51.0,53.0,53.0
1333,50.0,50.0,53.0,51.0,52.0
1334,52.0,53.0,55.0,52.0,54.0
1335,51.0,52.0,52.0,51.0,54.0
1336,52.0,53.0,53.0,52.0,52.0
1337,51.0,53.0,53.0,53.0,53.0
1338,51.0,53.0,54.0,49.0,53.0
1339,50.0,52.0,53.0,51.0,53.0
1340,51.0,53.0,54.0,54.0,52.0
1341,52.0,53.0,52.0,53.0,55.0
1342,51.0,51.0,52.0,52.0,52.0
1343,52.0,51.0,52.0,52.0,52.0
1344,53.0,53.0,54.0,50.0,52.0
1345,52.0,52.0,53.0,50.0,52.0
1346,52.0,51.0,52.0,53.0,54.0
1347,51.0,53.0,53.0,52.0,53.0
1348,53.0,53.0,54.0,51.0,51.0
1349,50.0,50.0,54.0,52.0,53.0
1350,51.0,53.0,52.0,52.0,52.0
1351,53.0,53.0,53.0,52.0,53.0
1352,53.0,52.0,54.0,53.0,51.0
1353,52.0,53.0,53.0,51.0,51.0
1354,53.0,52.0,53.0,52.0,53.0
1355,52.0,53.0,55.0,54.0,52.0
1356,52.0,53.0,52.0,52.0,53.0
1357,53.0,51.0,53.0,52.0,54.0
1358,53.0,51.0,50.0,50.0,53.0
1359,52.0,53.0,52.0,53.0,51.0
1360,53.0,53.0,53.0,51.0,51.0
1361,52.0,53.0,51.0,52.0,55.0
1362,52.0,53.0,53.0,53.0,51.0
1363,54.0,52.0,52.0,53.0,52.0
1364,55.0,53.0,51.0,53.0,52.0
1365,51.0,52.0,52.0,54.0,53.0
1366,51.0,51.0,51.0,51.0,51.0
1367,50.0,52.0,50.0,53.0,53.0
1368,51.0,53.0,52.0,51.0,54.0
1369,53.0,53.0,52.0,52.0,52.0
1370,53.0,51.0,54.0,53.0,53.0
1371,52.0,53.0,54.0,51.0,54.0
1372,52.0,53.0,51.0,51.0,51.0
1373,53.0,52.0,53.0,49.0,53.0
1374,51.0,52.0,54.0,52.0,51.0
1375,53.0,54.0,52.0,51.0,51.0
1376,52.0,52.0,52.0,51.0,55.0
1377,51.0,53.0,52.0,53.0,52.0
1378,50.0,52.0,53.0,52.0,53.0
1379,52.0,53.0,51.0,52.0,53.0
1380,51.0,52.0,51.0,53.0,53.0
1381,54.0,53.0,53.0,53.0,54.0
1382,52.0,51.0,54.0,53.0,52.0
1383,52.0,52.0,55.0,53.0,53.0
1384,52.0,53.0,53.0,52.0,55.0
1385,52.0,54.0,53.0,50.0,53.0
1386,50.0,53.0,50.0,54.0,53.0
1387,51.0,54.0,54.0,53.0,54.0
1388,52.0,53.0,53.0,52.0,53.0
1389,52.0,54.0,53.0,52.0,51.0
1390,50.0,51.0,53.0,51.0,53.0
1391,52.0,53.0,52.0,54.0,54.0
1392,53.0,53.0,53.0,54.0,52.0
1393,52.0,52.0,52.0,51.0,54.0
1394,54.0,52.0,52.0,53.0,51.0
1395,53.0,54.0,55.0,52.0,53.0
1396,54.0,53.0,50.0,52.0,52.0
1397,53.0,53.0,53.0,52.0,52.0
1398,52.0,53.0,55.0,52.0,54.0
1399,52.0,53.0,51.0,53.0,51.0
1400,54.0,51.0,51.0,53.0,53.0
1401,53.0,53.0,52.0,53.0,52.0
1402,53.0,52.0,53.0,53.0,51.0
1403,51.0,52.0,54.0,52.0,52.0
1404,52.0,52.0,53.0,53.0,52.0
1405,52.0,52.0,52.0,49.0,53.0
1406,50.0,53.0,53.0,52.0,52.0
1407,53.0,52.0,56.0,51.0,54.0
1408,52.0,52.0,52.0,51.0,52.0
1409,53.0,53.0,52.0,54.0,54.0
1410,51.0,54.0,53.0,52.0,54.0
1411,54.0,52.0,53.0,50.0,54.0
1412,53.0,52.0,52.0,52.0,54.0
1413,55.0,51.0,51.0,53.0,54.0
1414,52.0,51.0,52.0,50.0,53.0
1415,53.0,52.0,52.0,50.0,53.0
1416,52.0,53.0,53.0,55.0,51.0
1417,53.0,52.0,53.0,52.0,54.0
1418,52.0,51.0,51.0,49.0,53.0
1419,52.0,53.0,53.0,55.0,50.0
1420,52.0,53.0,54.0,52.0,53.0
1421,53.0,55.0,53.0,52.0,55.0
1422,52.0,53.0,55.0,51.0,53.0
1423,49.0,50.0,52.0,53.0,52.0
1424,53.0,53.0,53.0,54.0,54.0
1425,51.0,53.0,55.0,50.0,54.0
1426,51.0,51.0,52.0,50.0,53.0
1427,53.0,52.0,54.0,52.0,53.0
1428,54.0,52.0,53.0,51.0,52.0
1429,50.0,53.0,52.0,50.0,53.0
1430,51.0,54.0,53.0,54.0,52.0
1431,52.0,52.0,53.0,54.0,52.0
1432,53.0,52.0,52.0,53.0,52.0
1433,53.0,54.0,51.0,52.0,54.0
1434,51.0,53.0,52.0,53.0,54.0
1435,53.0,54.0,53.0,53.0,53.0
1436,50.0,52.0,52.0,52.0,53.0
1437,50.0,52.0,53.0,54.0,52.0
1438,53.0,53.0,55.0,52.0,54.0
1439,51.0,53.0,56.0,51.0,51.0
1440,54.0,54.0,53.0,56.0,54.0
1441,52.0,51.0,52.0,52.0,52.0
1442,53.0,51.0,54.0,50.0,54.0
1443,52.0,52.0,53.0,52.0,52.0
1444,53.0,52.0,54.0,54.0,52.0
1445,53.0,52.0,54.0,54.0,54.0
1446,52.0,52.0,52.0,53.0,54.0
1447,54.0,52.0,54.0,52.0,53.0
1448,53.0,53.0,53.0,53.0,52.0
1449,50.0,51.0,54.0,51.0,52.0
1450,52.0,53.0,53.0,51.0,52.0
1451,52.0,53.0,50.0,54.0,52.0
1452,52.0,52.0,52.0,51.0,51.0
1453,53.0,53.0,52.0,52.0,53.0
1454,53.0,53.0,52.0,54.0,51.0
1455,52.0,54.0,51.0,54.0,53.0
1456,51.0,52.0,53.0,52.0,53.0
1457,52.0,51.0,54.0,52.0,53.0
1458,52.0,52.0,52.0,53.0,53.0
1459,52.0,52.0,53.0,53.0,50.0
1460,53.0,54.0,52.0,52.0,53.0
1461,53.0,53.0,53.0,51.0,54.0
1462,51.0,54.0,52.0,51.0,54.0
1463,52.0,52.0,53.0,52.0,52.0
1464,52.0,53.0,53.0,52.0,54.0
1465,51.0,54.0,51.0,51.0,52.0
1466,54.0,52.0,53.0,52.0,52.0
1467,52.0,53.0,50.0,54.0,51.0
1468,53.0,53.0,52.0,52.0,53.0
1469,53.0,51.0,51.0,53.0,54.0
1470,52.0,52.0,51.0,54.0,55.0
1471,54.0,52.0,52.0,53.0,52.0
1472,52.0,53.0,52.0,52.0,54.0
1473,53.0,54.0,51.0,54.0,52.0
1474,52.0,52.0,51.0,53.0,53.0
1475,52.0,52.0,52.0,52.0,53.0
1476,51.0,53.0,52.0,52.0,52.0
1477,50.0,53.0,52.0,53.0,54.0
1478,52.0,51.0,52.0,53.0,55.0
1479,53.0,52.0,52.0,52.0,53.0
1480,51.0,52.0,53.0,52.0,54.0
1481,52.0,52.0,54.0,53.0,54.0
1482,53.0,52.0,54.0,52.0,53.0
1483,53.0,52.0,52.0,53.0,55.0
1484,51.0,52.0,53.0,53.0,53.0
1485,50.0,52.0,54.0,52.0,51.0
1486,51.0,53.0,51.0,55.0,54.0
1487,51.0,53.0,54.0,53.0,54.0
1488,52.0,52.0,54.0,53.0,53.0
1489,51.0,52.0,52.0,53.0,53.0
1490,53.0,54.0,54.0,53.0,53.0
1491,52.0,52.0,51.0,52.0,52.0
1492,52.0,54.0,52.0,52.0,52.0
1493,51.0,51.0,51.0,53.0,54.0
1494,53.0,53.0,52.0,52.0,53.0
1495,54.0,53.0,52.0,52.0,53.0
1496,52.0,52.0,52.0,52.0,54.0
1497,51.0,53.0,53.0,49.0,52.0
1498,54.0,51.0,54.0,48.0,51.0
1499,53.0,54.0,53.0,53.0,54.0
1500,52.0,54.0,54.0,53.0,54.0
1501,54.0,53.0,50.0,53.0,50.0
1502,52.0,53.0,53.0,51.0,52.0
1503,53.0,53.0,53.0,54.0,54.0
1504,51.0,52.0,51.0,53.0,53.0
1505,53.0,53.0,53.0,51.0,54.0
1506,53.0,52.0,52.0,53.0,52.0
1507,50.0,52.0,52.0,53.0,54.0
1508,51.0,52.0,52.0,49.0,51.0
1509,51.0,54.0,50.0,53.0,53.0
1510,53.0,52.0,52.0,52.0,52.0
1511,52.0,53.0,52.0,55.0,53.0
1512,52.0,53.0,53.0,53.0,53.0
1513,52.0,52.0,52.0,51.0,53.0
1514,52.0,53.0,51.0,52.0,53.0
1515,52.0,53.0,53.0,52.0,53.0
1516,53.0,53.0,51.0,51.0,54.0
1517,51.0,53.0,54.0,52.0,52.0
1518,53.0,52.0,53.0,52.0,54.0
1519,53.0,53.0,52.0,52.0,52.0
1520,52.0,52.0,52.0,53.0,52.0
1521,52.0,53.0,53.0,54.0,53.0
1522,53.0,53.0,53.0,51.0,51.0
1523,54.0,52.0,53.0,52.0,54.0
1524,52.0,54.0,52.0,53.0,54.0
1525,53.0,53.0,52.0,50.0,52.0
1526,54.0,52.0,53.0,52.0,52.0
1527,52.0,52.0,53.0,51.0,51.0
1528,53.0,52.0,51.0,50.0,53.0
1529,53.0,54.0,53.0,54.0,52.0
1530,52.0,53.0,53.0,51.0,54.0
1531,55.0,51.0,52.0,55.0,52.0
1532,52.0,51.0,52.0,51.0,52.0
1533,52.0,53.0,51.0,52.0,54.0
1534,53.0,52.0,52.0,51.0,52.0
1535,52.0,50.0,53.0,52.0,55.0
1536,53.0,53.0,53.0,54.0,51.0
1537,53.0,52.0,53.0,53.0,53.0
1538,53.0,54.0,51.0,54.0,52.0
1539,54.0,55.0,53.0,52.0,54.0
1540,53.0,53.0,52.0,50.0,55.0
1541,53.0,52.0,50.0,52.0,53.0
1542,53.0,52.0,54.0,50.0,54.0
1543,51.0,51.0,51.0,52.0,53.0
1544,52.0,53.0,53.0,51.0,54.0
1545,54.0,51.0,52.0,51.0,54.0
1546,52.0,54.0,51.0,49.0,51.0
1547,51.0,52.0,53.0,52.0,52.0
1548,52.0,52.0,52.0,53.0,55.0
1549,52.0,54.0,53.0,52.0,52.0
1550,54.0,53.0,52.0,53.0,52.0
1551,52.0,53.0,53.0,52.0,51.0
1552,54.0,51.0,54.0,53.0,53.0
1553,54.0,51.0,53.0,53.0,53.0
1554,52.0,52.0,53.0,51.0,53.0
1555,54.0,50.0,53.0,52.0,55.0
1556,53.0,52.0,53.0,52.0,54.0
1557,53.0,52.0,52.0,52.0,55.0
1558,53.0,55.0,53.0,50.0,55.0
1559,53.0,54.0,51.0,51.0,53.0
1560,55.0,51.0,52.0,53.0,52.0
1561,51.0,55.0,52.0,54.0,52.0
1562,54.0,55.0,52.0,52.0,55.0
1563,53.0,52.0,50.0,53.0,53.0
1564,54.0,53.0,52.0,53.0,51.0
1565,54.0,53.0,54.0,52.0,54.0
1566,54.0,53.0,52.0,52.0,52.0
1567,52.0,52.0,53.0,52.0,52.0
1568,52.0,51.0,52.0,52.0,54.0
1569,53.0,54.0,52.0,54.0,52.0
1570,54.0,53.0,52.0,51.0,53.0
1571,52.0,53.0,52.0,50.0,53.0
1572,54.0,53.0,55.0,51.0,54.0
1573,53.0,53.0,51.0,50.0,52.0
1574,52.0,53.0,53.0,53.0,52.0
1575,53.0,54.0,51.0,53.0,53.0
1576,52.0,53.0,51.0,51.0,52.0
1577,53.0,53.0,53.0,53.0,55.0
1578,54.0,53.0,52.0,53.0,54.0
1579,54.0,53.0,51.0,54.0,53.0
1580,53.0,53.0,53.0,54.0,55.0
1581,53.0,51.0,52.0,52.0,54.0
1582,55.0,52.0,51.0,52.0,55.0
1583,53.0,51.0,53.0,50.0,55.0
1584,53.0,52.0,53.0,52.0,53.0
1585,53.0,54.0,51.0,52.0,54.0
1586,52.0,54.0,52.0,50.0,51.0
1587,53.0,53.0,52.0,52.0,53.0
1588,52.0,51.0,53.0,52.0,52.0
1589,53.0,53.0,53.0,52.0,51.0
1590,52.0,53.0,51.0,54.0,51.0
1591,53.0,53.0,54.0,52.0,54.0
1592,54.0,52.0,52.0,52.0,53.0
1593,53.0,52.0,52.0,52.0,52.0
1594,54.0,53.0,53.0,53.0,52.0
1595,54.0,53.0,54.0,51.0,51.0
1596,53.0,52.0,54.0,51.0,50.0
1597,53.0,53.0,52.0,51.0,52.0
1598,52.0,53.0,52.0,50.0,54.0
1599,52.0,55.0,53.0,53.0,53.0
1600,51.0,52.0,51.0,51.0,54.0
1601,49.0,53.0,52.0,51.0,53.0
1602,50.0,55.0,51.0,53.0,54.0
1603,52.0,53.0,49.0,49.0,53.0
1604,53.0,54.0,52.0,53.0,52.0
1605,55.0,52.0,52.0,50.0,53.0
1606,54.0,53.0,52.0,53.0,53.0
1607,54.0,52.0,53.0,53.0,53.0
1608,52.0,53.0,53.0,51.0,53.0
1609,54.0,54.0,52.0,52.0,53.0
1610,52.0,52.0,51.0,51.0,52.0
1611,53.0,52.0,51.0,52.0,54.0
1612,52.0,52.0,53.0,54.0,52.0
1613,54.0,52.0,53.0,52.0,52.0
1614,51.0,52.0,51.0,53.0,54.0
1615,53.0,53.0,52.0,52.0,53.0
1616,52.0,53.0,53.0,53.0,53.0
1617,51.0,52.0,55.0,53.0,57.0
1618,54.0,53.0,53.0,52.0,53.0
1619,54.0,52.0,54.0,52.0,54.0
1620,52.0,52.0,54.0,53.0,53.0
1621,52.0,53.0,53.0,53.0,52.0
1622,53.0,54.0,55.0,51.0,52.0
1623,52.0,51.0,53.0,53.0,51.0
1624,51.0,52.0,52.0,51.0,50.0
1625,52.0,53.0,53.0,51.0,53.0
1626,52.0,53.0,51.0,53.0,51.0
1627,51.0,52.0,53.0,52.0,53.0
1628,53.0,53.0,51.0,54.0,53.0
1629,51.0,54.0,52.0,52.0,53.0
1630,51.0,52.0,52.0,49.0,53.0
1631,52.0,53.0,53.0,51.0,53.0
1632,51.0,53.0,53.0,49.0,54.0
1633,55.0,52.0,53.0,51.0,53.0
1634,53.0,52.0,53.0,52.0,54.0
1635,53.0,51.0,54.0,52.0,52.0
1636,52.0,52.0,52.0,54.0,53.0
1637,50.0,50.0,52.0,51.0,52.0
1638,54.0,52.0,54.0,53.0,53.0
1639,52.0,53.0,53.0,52.0,54.0
1640,54.0,52.0,53.0,51.0,53.0
1641,51.0,53.0,54.0,53.0,53.0
1642,53.0,51.0,53.0,52.0,53.0
1643,55.0,52.0,52.0,53.0,54.0
1644,52.0,54.0,54.0,53.0,54.0
1645,52.0,54.0,53.0,50.0,52.0
1646,51.0,51.0,53.0,53.0,53.0
1647,52.0,52.0,52.0,53.0,52.0
1648,54.0,54.0,52.0,53.0,53.0
1649,51.0,53.0,53.0,52.0,54.0
1650,51.0,51.0,53.0,52.0,50.0
1651,51.0,54.0,53.0,53.0,53.0
1652,52.0,53.0,52.0,51.0,54.0
1653,51.0,52.0,51.0,52.0,53.0
1654,51.0,52.0,54.0,51.0,54.0
1655,53.0,51.0,53.0,50.0,53.0
1656,52.0,52.0,53.0,54.0,53.0
1657,54.0,53.0,54.0,49.0,51.0
1658,53.0,54.0,52.0,52.0,54.0
1659,53.0,54.0,53.0,52.0,53.0
1660,52.0,53.0,52.0,52.0,54.0
1661,53.0,53.0,53.0,53.0,54.0
1662,52.0,53.0,55.0,53.0,52.0
1663,50.0,54.0,52.0,53.0,53.0
1664,52.0,53.0,52.0,52.0,52.0
1665,53.0,51.0,53.0,52.0,50.0
1666,52.0,52.0,52.0,53.0,52.0
1667,53.0,51.0,52.0,53.0,54.0
1668,53.0,53.0,52.0,52.0,53.0
1669,52.0,53.0,53.0,51.0,53.0
1670,54.0,52.0,54.0,53.0,55.0
1671,53.0,54.0,53.0,51.0,53.0
1672,53.0,52.0,52.0,52.0,52.0
1673,54.0,54.0,52.0,52.0,51.0
1674,52.0,53.0,54.0,53.0,52.0
1675,52.0,53.0,52.0,52.0,52.0
1676,52.0,54.0,51.0,52.0,52.0
1677,53.0,53.0,54.0,51.0,52.0
1678,51.0,53.0,53.0,54.0,51.0
1679,51.0,52.0,52.0,53.0,52.0
1680,53.0,50.0,55.0,52.0,53.0
1681,52.0,53.0,53.0,52.0,54.0
1682,52.0,52.0,51.0,50.0,55.0
1683,51.0,53.0,52.0,53.0,54.0
1684,51.0,54.0,52.0,52.0,53.0
1685,50.0,53.0,51.0,51.0,53.0
1686,53.0,54.0,50.0,53.0,51.0
1687,54.0,53.0,53.0,53.0,54.0
1688,52.0,51.0,53.0,52.0,53.0
1689,52.0,51.0,54.0,52.0,54.0
1690,52.0,53.0,54.0,50.0,53.0
1691,54.0,54.0,52.0,49.0,52.0
1692,54.0,52.0,54.0,52.0,53.0
1693,52.0,53.0,51.0,53.0,52.0
1694,54.0,54.0,52.0,50.0,51.0
1695,51.0,54.0,52.0,52.0,51.0
1696,51.0,52.0,48.0,51.0,52.0
1697,53.0,52.0,53.0,52.0,55.0
1698,53.0,53.0,50.0,52.0,51.0
1699,51.0,52.0,51.0,53.0,50.0
1700,51.0,53.0,53.0,52.0,53.0
1701,52.0,52.0,52.0,53.0,54.0
1702,53.0,52.0,53.0,52.0,53.0
1703,55.0,53.0,51.0,52.0,50.0
1704,53.0,51.0,53.0,50.0,51.0
1705,51.0,53.0,51.0,52.0,52.0
1706,53.0,55.0,52.0,52.0,53.0
1707,53.0,54.0,53.0,53.0,53.0
1708,54.0,53.0,53.0,52.0,51.0
1709,54.0,52.0,54.0,51.0,53.0
1710,54.0,52.0,52.0,53.0,53.0
1711,51.0,55.0,53.0,53.0,50.0
1712,53.0,53.0,52.0,52.0,52.0
1713,51.0,53.0,52.0,52.0,51.0
1714,53.0,53.0,51.0,52.0,53.0
1715,54.0,53.0,51.0,52.0,52.0
1716,53.0,52.0,52.0,53.0,53.0
1717,52.0,52.0,52.0,51.0,52.0
1718,52.0,54.0,51.0,52.0,52.0
1719,52.0,54.0,52.0,53.0,53.0
1720,52.0,53.0,52.0,51.0,52.0
1721,53.0,53.0,52.0,53.0,53.0
1722,52.0,52.0,53.0,52.0,53.0
1723,52.0,52.0,52.0,52.0,51.0
1724,54.0,54.0,55.0,51.0,52.0
1725,51.0,53.0,53.0,52.0,52.0
1726,53.0,51.0,52.0,52.0,53.0
1727,51.0,54.0,51.0,53.0,54.0
1728,51.0,49.0,52.0,53.0,52.0
1729,52.0,52.0,52.0,54.0,53.0
1730,52.0,51.0,50.0,52.0,54.0
1731,49.0,52.0,54.0,51.0,53.0
1732,53.0,53.0,52.0,52.0,52.0
1733,53.0,52.0,52.0,53.0,52.0
1734,52.0,51.0,53.0,53.0,54.0
1735,51.0,54.0,50.0,53.0,54.0
1736,52.0,53.0,52.0,54.0,53.0
1737,51.0,53.0,54.0,53.0,54.0
1738,54.0,53.0,52.0,51.0,52.0
1739,52.0,50.0,52.0,51.0,53.0
1740,52.0,54.0,53.0,52.0,53.0
1741,52.0,52.0,54.0,52.0,52.0
1742,54.0,52.0,51.0,52.0,54.0
1743,53.0,53.0,53.0,52.0,54.0
1744,53.0,52.0,53.0,53.0,51.0
1745,54.0,52.0,51.0,53.0,52.0
1746,53.0,54.0,55.0,52.0,52.0
1747,52.0,52.0,52.0,51.0,51.0
1748,54.0,53.0,51.0,52.0,52.0
1749,51.0,52.0,53.0,51.0,51.0
1750,51.0,52.0,53.0,53.0,51.0
1751,53.0,53.0,52.0,53.0,53.0
1752,52.0,54.0,50.0,53.0,53.0
1753,52.0,53.0,53.0,52.0,54.0
1754,51.0,53.0,53.0,51.0,53.0
1755,53.0,52.0,52.0,55.0,53.0
1756,51.0,52.0,52.0,53.0,51.0
1757,52.0,52.0,52.0,51.0,53.0
1758,55.0,53.0,51.0,51.0,52.0
1759,50.0,53.0,51.0,51.0,52.0
1760,52.0,53.0,54.0,52.0,53.0
1761,50.0,51.0,52.0,52.0,52.0
1762,52.0,53.0,52.0,51.0,52.0
1763,52.0,52.0,51.0,53.0,53.0
1764,52.0,52.0,51.0,51.0,53.0
1765,53.0,51.0,51.0,54.0,50.0
1766,52.0,53.0,52.0,54.0,53.0
1767,53.0,52.0,51.0,53.0,53.0
1768,51.0,52.0,51.0,52.0,53.0
1769,51.0,53.0,54.0,53.0,53.0
1770,52.0,52.0,53.0,53.0,52.0
1771,52.0,52.0,51.0,53.0,53.0
1772,54.0,53.0,51.0,53.0,53.0
1773,51.0,54.0,52.0,54.0,53.0
1774,51.0,52.0,53.0,52.0,53.0
1775,52.0,51.0,52.0,53.0,52.0
1776,51.0,54.0,52.0,53.0,53.0
1777,54.0,52.0,52.0,53.0,52.0
1778,50.0,52.0,51.0,54.0,53.0
1779,51.0,52.0,52.0,52.0,52.0
1780,53.0,53.0,51.0,52.0,52.0
1781,50.0,54.0,53.0,51.0,54.0
1782,53.0,52.0,53.0,52.0,52.0
1783,53.0,53.0,54.0,51.0,50.0
1784,52.0,53.0,52.0,51.0,51.0
1785,52.0,52.0,52.0,52.0,52.0
1786,50.0,51.0,53.0,51.0,51.0
1787,53.0,53.0,53.0,51.0,53.0
1788,53.0,51.0,52.0,53.0,53.0
1789,52.0,53.0,52.0,53.0,51.0
1790,53.0,53.0,52.0,52.0,51.0
1791,52.0,52.0,52.0,52.0,53.0
1792,53.0,54.0,54.0,53.0,52.0
1793,52.0,53.0,52.0,52.0,53.0
1794,52.0,52.0,52.0,50.0,55.0
1795,51.0,53.0,51.0,53.0,54.0
1796,52.0,53.0,50.0,53.0,54.0
1797,52.0,54.0,51.0,53.0,53.0
1798,51.0,51.0,50.0,54.0,51.0
1799,52.0,53.0,53.0,53.0,52.0
1800,52.0,52.0,53.0,54.0,53.0
1801,51.0,52.0,52.0,52.0,52.0
1802,52.0,52.0,51.0,53.0,53.0
1803,54.0,54.0,52.0,51.0,54.0
1804,51.0,52.0,52.0,51.0,52.0
1805,53.0,52.0,51.0,51.0,52.0
1806,53.0,52.0,52.0,51.0,52.0
1807,53.0,53.0,53.0,52.0,54.0
1808,49.0,54.0,53.0,51.0,52.0
1809,51.0,51.0,53.0,54.0,55.0
1810,54.0,52.0,52.0,51.0,52.0
1811,53.0,54.0,52.0,52.0,53.0
1812,52.0,53.0,55.0,55.0,53.0
1813,54.0,53.0,52.0,53.0,53.0
1814,53.0,52.0,52.0,51.0,53.0
1815,51.0,51.0,50.0,52.0,55.0
1816,52.0,53.0,52.0,53.0,52.0
1817,54.0,53.0,54.0,54.0,55.0
1818,52.0,52.0,51.0,52.0,52.0
1819,53.0,53.0,55.0,52.0,53.0
1820,53.0,53.0,52.0,53.0,54.0
1821,52.0,55.0,52.0,52.0,51.0
1822,53.0,53.0,51.0,52.0,54.0
1823,52.0,53.0,52.0,54.0,50.0
1824,53.0,52.0,54.0,52.0,52.0
1825,51.0,51.0,52.0,53.0,54.0
1826,52.0,53.0,51.0,53.0,53.0
1827,52.0,52.0,51.0,52.0,53.0
1828,53.0,52.0,52.0,52.0,52.0
1829,51.0,53.0,54.0,53.0,54.0
1830,51.0,53.0,52.0,52.0,52.0
1831,51.0,52.0,52.0,53.0,53.0
1832,50.0,52.0,52.0,53.0,53.0
1833,49.0,52.0,52.0,52.0,53.0
1834,52.0,53.0,54.0,52.0,53.0
1835,50.0,54.0,52.0,54.0,52.0
1836,52.0,53.0,52.0,55.0,54.0
1837,54.0,53.0,52.0,52.0,55.0
1838,49.0,54.0,51.0,52.0,52.0
1839,51.0,55.0,53.0,53.0,51.0
1840,52.0,53.0,50.0,52.0,52.0
1841,51.0,53.0,53.0,54.0,52.0
1842,52.0,53.0,51.0,53.0,54.0
1843,50.0,53.0,53.0,52.0,53.0
1844,50.0,53.0,54.0,52.0,51.0
1845,52.0,52.0,52.0,53.0,53.0
1846,52.0,52.0,52.0,53.0,54.0
1847,52.0,53.0,51.0,51.0,52.0
1848,50.0,52.0,52.0,52.0,52.0
1849,52.0,53.0,53.0,52.0,54.0
1850,53.0,54.0,51.0,54.0,51.0
1851,52.0,53.0,51.0,51.0,53.0
1852,51.0,50.0,51.0,50.0,54.0
1853,52.0,52.0,51.0,53.0,54.0
1854,53.0,51.0,52.0,52.0,54.0
1855,53.0,51.0,54.0,52.0,50.0
1856,51.0,52.0,53.0,51.0,51.0
1857,51.0,53.0,53.0,52.0,52.0
1858,51.0,54.0,52.0,53.0,52.0
1859,53.0,53.0,52.0,51.0,52.0
1860,51.0,53.0,51.0,51.0,51.0
1861,50.0,52.0,53.0,53.0,52.0
1862,49.0,53.0,53.0,52.0,53.0
1863,50.0,52.0,52.0,52.0,53.0
1864,50.0,53.0,51.0,51.0,52.0
1865,52.0,53.0,52.0,54.0,52.0
1866,51.0,52.0,52.0,52.0,54.0
1867,52.0,53.0,51.0,50.0,53.0
1868,52.0,54.0,51.0,52.0,53.0
1869,52.0,52.0,52.0,52.0,54.0
1870,52.0,54.0,50.0,52.0,51.0
1871,52.0,53.0,52.0,51.0,51.0
1872,52.0,53.0,51.0,53.0,52.0
1873,50.0,52.0,51.0,54.0,52.0
1874,51.0,53.0,51.0,53.0,52.0
1875,52.0,53.0,53.0,54.0,51.0
1876,51.0,52.0,51.0,52.0,52.0
1877,52.0,54.0,52.0,53.0,51.0
1878,52.0,51.0,54.0,52.0,52.0
1879,53.0,51.0,51.0,52.0,53.0
1880,52.0,54.0,54.0,51.0,51.0
1881,53.0,53.0,52.0,54.0,51.0
1882,52.0,53.0,52.0,52.0,53.0
1883,51.0,54.0,54.0,54.0,53.0
1884,52.0,54.0,51.0,51.0,52.0
1885,51.0,52.0,54.0,54.0,53.0
1886,52.0,51.0,52.0,52.0,53.0
1887,53.0,54.0,51.0,54.0,52.0
1888,52.0,52.0,52.0,54.0,52.0
1889,52.0,52.0,51.0,52.0,54.0
1890,53.0,53.0,52.0,52.0,52.0
1891,53.0,51.0,51.0,53.0,51.0
1892,51.0,53.0,53.0,53.0,53.0
1893,51.0,53.0,54.0,51.0,52.0
1894,51.0,52.0,53.0,53.0,54.0
1895,50.0,54.0,51.0,52.0,52.0
1896,52.0,54.0,50.0,53.0,52.0
1897,52.0,53.0,53.0,53.0,50.0
1898,51.0,52.0,53.0,53.0,52.0
1899,51.0,52.0,51.0,53.0,54.0
1900,51.0,53.0,51.0,51.0,54.0
1901,53.0,53.0,51.0,51.0,53.0
1902,52.0,52.0,52.0,52.0,51.0
1903,51.0,53.0,50.0,52.0,53.0
1904,54.0,54.0,52.0,52.0,53.0
1905,52.0,53.0,50.0,51.0,52.0
1906,52.0,53.0,50.0,50.0,54.0
1907,52.0,54.0,53.0,55.0,51.0
1908,53.0,53.0,53.0,51.0,53.0
1909,51.0,54.0,53.0,53.0,53.0
1910,53.0,55.0,52.0,52.0,52.0
1911,51.0,52.0,53.0,53.0,52.0
1912,52.0,52.0,52.0,53.0,51.0
1913,51.0,54.0,54.0,52.0,50.0
1914,51.0,54.0,51.0,53.0,53.0
1915,52.0,52.0,53.0,55.0,53.0
1916,52.0,53.0,53.0,54.0,52.0
1917,52.0,54.0,53.0,52.0,52.0
1918,54.0,53.0,53.0,51.0,52.0
1919,53.0,54.0,53.0,51.0,54.0
1920,52.0,52.0,52.0,51.0,52.0
1921,53.0,52.0,53.0,54.0,51.0
1922,52.0,52.0,52.0,54.0,53.0
1923,52.0,54.0,51.0,54.0,53.0
1924,53.0,54.0,51.0,52.0,53.0
1925,54.0,52.0,52.0,53.0,53.0
1926,52.0,52.0,54.0,52.0,52.0
1927,51.0,52.0,52.0,54.0,52.0
1928,53.0,50.0,52.0,53.0,53.0
1929,54.0,53.0,53.0,53.0,55.0
1930,54.0,52.0,53.0,53.0,51.0
1931,53.0,52.0,53.0,52.0,53.0
1932,52.0,53.0,53.0,51.0,54.0
1933,51.0,54.0,53.0,53.0,51.0
1934,54.0,53.0,53.0,52.0,52.0
1935,52.0,53.0,52.0,51.0,55.0
1936,53.0,53.0,52.0,53.0,53.0
1937,52.0,53.0,52.0,54.0,55.0
1938,51.0,54.0,54.0,52.0,53.0
1939,53.0,53.0,52.0,54.0,53.0
1940,53.0,50.0,53.0,55.0,53.0
1941,51.0,54.0,52.0,51.0,55.0
1942,52.0,52.0,53.0,52.0,52.0
1943,52.0,52.0,53.0,53.0,52.0
1944,53.0,53.0,52.0,52.0,54.0
1945,55.0,51.0,52.0,53.0,52.0
1946,51.0,54.0,52.0,52.0,52.0
1947,51.0,52.0,52.0,54.0,51.0
1948,51.0,53.0,53.0,53.0,51.0
1949,54.0,52.0,52.0,52.0,51.0
1950,52.0,52.0,50.0,53.0,52.0
1951,52.0,52.0,51.0,53.0,53.0
1952,52.0,52.0,51.0,51.0,53.0
1953,52.0,55.0,50.0,52.0,51.0
1954,52.0,53.0,52.0,52.0,50.0
1955,53.0,51.0,51.0,53.0,52.0
1956,53.0,54.0,52.0,53.0,51.0
1957,53.0,53.0,50.0,54.0,54.0
1958,52.0,55.0,52.0,52.0,52.0
1959,53.0,52.0,50.0,53.0,53.0
1960,51.0,53.0,51.0,53.0,51.0
1961,52.0,52.0,51.0,52.0,54.0
1962,53.0,53.0,51.0,53.0,51.0
1963,53.0,53.0,51.0,52.0,53.0
1964,52.0,52.0,52.0,52.0,53.0
1965,52.0,57.0,50.0,53.0,52.0
1966,51.0,53.0,52.0,51.0,53.0
1967,53.0,55.0,53.0,53.0,54.0
1968,54.0,56.0,54.0,51.0,55.0
1969,53.0,53.0,53.0,52.0,53.0
1970,55.0,54.0,52.0,55.0,53.0
1971,51.0,53.0,52.0,51.0,52.0
1972,52.0,53.0,51.0,52.0,52.0
1973,52.0,52.0,55.0,51.0,55.0
1974,53.0,53.0,51.0,52.0,53.0
1975,52.0,53.0,54.0,55.0,53.0
1976,53.0,51.0,53.0,53.0,55.0
1977,52.0,51.0,52.0,53.0,53.0
1978,52.0,52.0,53.0,53.0,53.0
1979,54.0,52.0,52.0,52.0,52.0
1980,52.0,53.0,51.0,55.0,52.0
1981,52.0,53.0,55.0,55.0,54.0
1982,53.0,54.0,52.0,54.0,53.0
1983,52.0,54.0,52.0,52.0,52.0
1984,53.0,52.0,53.0,53.0,52.0
1985,53.0,53.0,52.0,53.0,51.0
1986,51.0,53.0,52.0,52.0,53.0
1987,52.0,51.0,52.0,52.0,52.0
1988,50.0,52.0,52.0,51.0,51.0
1989,50.0,53.0,51.0,53.0,51.0
1990,52.0,52.0,52.0,53.0,52.0
1991,54.0,52.0,55.0,52.0,54.0
1992,51.0,51.0,50.0,50.0,54.0
1993,51.0,53.0,52.0,52.0,53.0
1994,52.0,52.0,53.0,52.0,54.0
1995,52.0,53.0,51.0,54.0,53.0
1996,51.0,53.0,50.0,52.0,50.0
1997,51.0,52.0,53.0,53.0,53.0
1998,52.0,52.0,52.0,53.0,54.0
1999,52.0,52.0,51.0,52.0,52.0
2000,54.0,52.0,51.0,54.0,53.0
2001,51.0,52.0,53.0,52.0,53.0
2002,51.0,52.0,52.0,53.0,54.0
2003,52.0,53.0,53.0,54.0,53.0
2004,53.0,52.0,51.0,54.0,52.0
2005,53.0,52.0,52.0,52.0,52.0
2006,52.0,52.0,52.0,54.0,52.0
2007,53.0,52.0,54.0,54.0,52.0
2008,53.0,53.0,54.0,52.0,52.0
2009,53.0,52.0,49.0,54.0,53.0
2010,52.0,52.0,51.0,53.0,51.0
2011,52.0,54.0,53.0,52.0,52.0
2012,53.0,52.0,52.0,53.0,52.0
2013,51.0,52.0,54.0,53.0,54.0
2014,51.0,53.0,53.0,52.0,54.0
2015,53.0,54.0,51.0,53.0,53.0
2016,53.0,53.0,53.0,52.0,53.0
2017,53.0,51.0,54.0,53.0,51.0
2018,52.0,52.0,55.0,52.0,52.0
2019,52.0,53.0,53.0,54.0,53.0
2020,52.0,51.0,51.0,53.0,52.0
2021,53.0,52.0,55.0,53.0,50.0
2022,52.0,51.0,54.0,52.0,53.0
2023,51.0,52.0,54.0,53.0,53.0
2024,52.0,51.0,53.0,56.0,53.0
2025,52.0,54.0,54.0,54.0,53.0
2026,53.0,50.0,50.0,52.0,53.0
2027,53.0,51.0,52.0,52.0,52.0
2028,52.0,53.0,53.0,51.0,54.0
2029,52.0,53.0,51.0,51.0,54.0
2030,52.0,53.0,53.0,52.0,52.0
2031,51.0,52.0,53.0,52.0,53.0
2032,52.0,53.0,52.0,53.0,53.0
2033,52.0,51.0,52.0,53.0,51.0
2034,52.0,52.0,51.0,53.0,53.0
2035,52.0,54.0,52.0,53.0,54.0
2036,52.0,51.0,51.0,53.0,55.0
2037,52.0,54.0,53.0,52.0,53.0
2038,52.0,53.0,54.0,52.0,53.0
2039,52.0,53.0,53.0,53.0,54.0
2040,53.0,53.0,51.0,53.0,55.0
2041,52.0,53.0,53.0,51.0,54.0
2042,52.0,51.0,54.0,52.0,53.0
2043,52.0,53.0,53.0,54.0,52.0
2044,51.0,52.0,53.0,52.0,52.0
2045,51.0,53.0,52.0,53.0,53.0
2046,52.0,53.0,51.0,54.0,53.0
2047,51.0,53.0,54.0,53.0,53.0
2048,51.0,52.0,51.0,52.0,53.0
2049,52.0,53.0,50.0,52.0,53.0
2050,51.0,50.0,51.0,53.0,55.0
2051,54.0,51.0,55.0,50.0,53.0
2052,52.0,52.0,54.0,53.0,52.0
2053,51.0,52.0,54.0,53.0,55.0
2054,53.0,51.0,53.0,51.0,53.0
2055,52.0,53.0,52.0,52.0,52.0
2056,52.0,52.0,52.0,53.0,53.0
2057,53.0,53.0,54.0,53.0,51.0
2058,52.0,51.0,50.0,54.0,54.0
2059,52.0,53.0,53.0,52.0,53.0
2060,53.0,55.0,52.0,53.0,55.0
2061,53.0,54.0,52.0,52.0,52.0
2062,53.0,52.0,52.0,53.0,53.0
2063,52.0,53.0,53.0,52.0,53.0
2064,53.0,53.0,53.0,53.0,54.0
2065,52.0,54.0,52.0,54.0,52.0
2066,53.0,53.0,52.0,54.0,53.0
2067,52.0,51.0,52.0,51.0,53.0
2068,52.0,55.0,52.0,53.0,53.0
2069,53.0,53.0,53.0,53.0,52.0
2070,52.0,54.0,53.0,53.0,53.0
2071,53.0,52.0,51.0,52.0,54.0
2072,53.0,53.0,51.0,53.0,55.0
2073,51.0,55.0,53.0,52.0,54.0
2074,53.0,54.0,52.0,52.0,52.0
2075,51.0,52.0,53.0,54.0,52.0
2076,53.0,53.0,53.0,51.0,52.0
2077,53.0,52.0,51.0,52.0,52.0
2078,52.0,54.0,53.0,52.0,54.0
2079,53.0,54.0,52.0,54.0,52.0
2080,52.0,54.0,52.0,53.0,54.0
2081,50.0,55.0,52.0,53.0,52.0
2082,52.0,55.0,53.0,54.0,50.0
2083,51.0,53.0,54.0,52.0,53.0
2084,54.0,53.0,52.0,52.0,54.0
2085,51.0,52.0,53.0,55.0,51.0
2086,54.0,54.0,53.0,52.0,52.0
2087,52.0,53.0,53.0,52.0,54.0
2088,53.0,54.0,52.0,53.0,52.0
2089,53.0,53.0,50.0,53.0,54.0
2090,52.0,54.0,52.0,53.0,54.0
2091,54.0,50.0,51.0,51.0,53.0
2092,53.0,53.0,51.0,53.0,52.0
2093,52.0,53.0,52.0,53.0,53.0
2094,54.0,51.0,53.0,54.0,54.0
2095,51.0,53.0,52.0,54.0,52.0
2096,51.0,52.0,52.0,53.0,55.0
2097,50.0,55.0,51.0,53.0,55.0
2098,54.0,53.0,51.0,52.0,52.0
2099,53.0,54.0,52.0,52.0,53.0
2100,53.0,53.0,52.0,51.0,55.0
2101,53.0,52.0,52.0,54.0,53.0
2102,52.0,53.0,52.0,54.0,53.0
2103,53.0,54.0,53.0,52.0,52.0
2104,53.0,52.0,52.0,54.0,55.0
2105,51.0,53.0,53.0,53.0,54.0
2106,54.0,54.0,54.0,52.0,52.0
2107,49.0,54.0,52.0,52.0,53.0
2108,52.0,53.0,52.0,52.0,52.0
2109,53.0,53.0,53.0,53.0,51.0
2110,50.0,54.0,52.0,51.0,52.0
2111,52.0,52.0,52.0,53.0,54.0
2112,52.0,51.0,53.0,54.0,52.0
2113,50.0,53.0,50.0,52.0,53.0
2114,54.0,53.0,53.0,54.0,53.0
2115,52.0,52.0,51.0,52.0,52.0
2116,52.0,53.0,51.0,52.0,53.0
2117,53.0,53.0,53.0,53.0,54.0
2118,54.0,52.0,50.0,52.0,54.0
2119,53.0,52.0,52.0,52.0,53.0
2120,51.0,54.0,53.0,53.0,51.0
2121,52.0,53.0,53.0,49.0,53.0
2122,51.0,52.0,51.0,52.0,54.0
2123,53.0,52.0,53.0,53.0,54.0
2124,53.0,52.0,53.0,53.0,53.0
2125,52.0,52.0,53.0,54.0,54.0
2126,53.0,52.0,53.0,52.0,51.0
2127,53.0,54.0,51.0,54.0,52.0
2128,53.0,52.0,52.0,52.0,51.0
2129,53.0,52.0,52.0,55.0,52.0
2130,52.0,51.0,52.0,52.0,53.0
2131,53.0,53.0,53.0,49.0,54.0
2132,52.0,55.0,53.0,52.0,52.0
2133,53.0,52.0,53.0,52.0,52.0
2134,54.0,53.0,51.0,50.0,53.0
2135,52.0,51.0,52.0,51.0,53.0
2136,52.0,54.0,54.0,53.0,52.0
2137,53.0,51.0,53.0,52.0,52.0
2138,54.0,50.0,53.0,54.0,54.0
2139,54.0,51.0,51.0,54.0,52.0
2140,52.0,51.0,52.0,52.0,52.0
2141,52.0,52.0,52.0,53.0,53.0
2142,55.0,52.0,51.0,54.0,51.0
2143,53.0,52.0,52.0,53.0,54.0
2144,51.0,52.0,52.0,53.0,54.0
2145,52.0,52.0,52.0,52.0,52.0
2146,53.0,52.0,50.0,53.0,52.0
2147,50.0,54.0,50.0,53.0,51.0
2148,54.0,51.0,50.0,53.0,53.0
2149,55.0,51.0,50.0,53.0,54.0
2150,52.0,51.0,52.0,54.0,53.0
2151,52.0,53.0,53.0,53.0,54.0
2152,52.0,55.0,53.0,53.0,52.0
2153,53.0,53.0,52.0,51.0,52.0
2154,51.0,51.0,52.0,52.0,51.0
2155,52.0,53.0,51.0,53.0,51.0
2156,54.0,54.0,52.0,53.0,53.0
2157,52.0,53.0,52.0,53.0,52.0
2158,54.0,52.0,52.0,55.0,52.0
2159,51.0,52.0,52.0,55.0,55.0
2160,50.0,53.0,54.0,53.0,55.0
2161,51.0,52.0,53.0,54.0,52.0
2162,54.0,52.0,53.0,52.0,53.0
2163,53.0,55.0,53.0,51.0,55.0
2164,53.0,51.0,51.0,53.0,52.0
2165,54.0,52.0,54.0,53.0,53.0
2166,52.0,54.0,54.0,54.0,51.0
2167,54.0,55.0,51.0,53.0,51.0
2168,51.0,54.0,53.0,51.0,53.0
2169,52.0,54.0,50.0,52.0,52.0
2170,51.0,53.0,50.0,54.0,55.0
2171,51.0,52.0,53.0,55.0,53.0
2172,54.0,54.0,51.0,53.0,52.0
2173,52.0,53.0,52.0,53.0,54.0
2174,53.0,53.0,51.0,54.0,53.0
2175,53.0,53.0,52.0,52.0,51.0
2176,52.0,52.0,52.0,52.0,52.0
2177,54.0,53.0,53.0,52.0,52.0
2178,51.0,53.0,51.0,53.0,54.0
2179,55.0,53.0,52.0,54.0,52.0
2180,53.0,53.0,52.0,53.0,50.0
2181,51.0,52.0,50.0,53.0,52.0
2182,53.0,53.0,52.0,53.0,51.0
2183,53.0,54.0,52.0,54.0,54.0
2184,54.0,54.0,50.0,54.0,54.0
2185,55.0,53.0,52.0,54.0,51.0
2186,52.0,54.0,51.0,54.0,53.0
2187,54.0,54.0,51.0,53.0,52.0
2188,53.0,53.0,51.0,52.0,52.0
2189,53.0,54.0,52.0,52.0,53.0
2190,53.0,50.0,53.0,51.0,53.0
2191,53.0,52.0,49.0,51.0,54.0
2192,55.0,52.0,53.0,53.0,54.0
2193,53.0,54.0,52.0,54.0,53.0
2194,53.0,53.0,51.0,54.0,51.0
2195,51.0,53.0,54.0,53.0,51.0
2196,53.0,52.0,52.0,56.0,52.0
2197,53.0,53.0,51.0,53.0,52.0
2198,53.0,55.0,51.0,53.0,52.0
2199,55.0,53.0,53.0,54.0,53.0
2200,53.0,52.0,52.0,52.0,56.0
2201,55.0,54.0,53.0,53.0,53.0
2202,52.0,53.0,54.0,52.0,54.0
2203,54.0,53.0,53.0,51.0,53.0
2204,52.0,53.0,53.0,54.0,52.0
2205,52.0,53.0,54.0,53.0,55.0
2206,53.0,52.0,51.0,53.0,53.0
2207,53.0,53.0,52.0,55.0,55.0
2208,51.0,52.0,52.0,54.0,55.0
2209,52.0,54.0,51.0,52.0,53.0
2210,52.0,53.0,52.0,52.0,53.0
2211,52.0,50.0,49.0,53.0,53.0
2212,54.0,53.0,53.0,53.0,53.0
2213,54.0,54.0,53.0,53.0,54.0
2214,53.0,52.0,51.0,54.0,54.0
2215,53.0,54.0,53.0,52.0,52.0
2216,51.0,54.0,52.0,51.0,55.0
2217,51.0,54.0,52.0,53.0,54.0
2218,53.0,52.0,53.0,52.0,53.0
2219,52.0,52.0,53.0,53.0,52.0
2220,53.0,53.0,54.0,53.0,52.0
2221,52.0,53.0,51.0,51.0,53.0
2222,51.0,53.0,54.0,52.0,54.0
2223,54.0,52.0,53.0,52.0,51.0
2224,52.0,50.0,51.0,54.0,50.0
2225,50.0,53.0,53.0,51.0,53.0
2226,53.0,54.0,52.0,53.0,53.0
2227,53.0,52.0,51.0,53.0,53.0
2228,52.0,52.0,54.0,52.0,54.0
2229,54.0,54.0,52.0,54.0,52.0
2230,52.0,53.0,51.0,54.0,54.0
2231,53.0,53.0,53.0,53.0,53.0
2232,51.0,53.0,53.0,55.0,55.0
2233,52.0,52.0,52.0,53.0,54.0
2234,51.0,52.0,50.0,53.0,53.0
2235,50.0,51.0,53.0,52.0,52.0
2236,51.0,53.0,53.0,52.0,53.0
2237,52.0,52.0,53.0,56.0,53.0
2238,52.0,53.0,51.0,53.0,54.0
2239,51.0,52.0,53.0,51.0,52.0
2240,52.0,54.0,53.0,52.0,50.0
2241,52.0,52.0,53.0,52.0,52.0
2242,54.0,54.0,53.0,52.0,52.0
2243,52.0,54.0,52.0,51.0,53.0
2244,52.0,53.0,51.0,50.0,53.0
2245,53.0,53.0,54.0,53.0,52.0
2246,53.0,54.0,50.0,53.0,54.0
2247,51.0,52.0,52.0,53.0,54.0
2248,53.0,52.0,53.0,50.0,53.0
2249,53.0,52.0,52.0,52.0,52.0
2250,53.0,52.0,54.0,54.0,52.0
2251,52.0,52.0,55.0,52.0,51.0
2252,52.0,53.0,53.0,53.0,54.0
2253,51.0,54.0,52.0,53.0,54.0
2254,50.0,53.0,52.0,53.0,51.0
2255,53.0,53.0,52.0,52.0,53.0
2256,50.0,53.0,52.0,54.0,52.0
2257,53.0,52.0,52.0,52.0,52.0
2258,52.0,54.0,52.0,53.0,51.0
2259,53.0,52.0,52.0,52.0,51.0
2260,55.0,52.0,53.0,53.0,51.0
2261,54.0,51.0,53.0,54.0,51.0
2262,52.0,52.0,52.0,51.0,53.0
2263,52.0,52.0,52.0,52.0,51.0
2264,52.0,52.0,54.0,53.0,52.0
2265,54.0,53.0,54.0,53.0,54.0
2266,53.0,52.0,53.0,52.0,51.0
2267,54.0,54.0,53.0,53.0,52.0
2268,50.0,53.0,53.0,51.0,54.0
2269,51.0,52.0,52.0,53.0,51.0
2270,52.0,52.0,54.0,53.0,55.0
2271,52.0,52.0,53.0,53.0,53.0
2272,52.0,54.0,52.0,53.0,52.0
2273,53.0,54.0,54.0,53.0,54.0
2274,53.0,50.0,54.0,52.0,52.0
2275,53.0,54.0,53.0,52.0,53.0
2276,52.0,53.0,53.0,50.0,53.0
2277,52.0,53.0,53.0,52.0,51.0
2278,53.0,54.0,52.0,53.0,53.0
2279,52.0,54.0,53.0,52.0,54.0
2280,50.0,54.0,53.0,51.0,54.0
2281,53.0,52.0,54.0,50.0,53.0
2282,51.0,52.0,51.0,54.0,53.0
2283,52.0,52.0,52.0,53.0,53.0
2284,52.0,54.0,52.0,54.0,50.0
2285,53.0,53.0,55.0,53.0,53.0
2286,54.0,53.0,53.0,52.0,51.0
2287,54.0,52.0,54.0,54.0,52.0
2288,56.0,53.0,52.0,52.0,52.0
2289,53.0,54.0,53.0,51.0,52.0
2290,51.0,52.0,55.0,51.0,52.0
2291,53.0,53.0,54.0,51.0,52.0
2292,52.0,54.0,50.0,54.0,53.0
2293,51.0,52.0,51.0,54.0,53.0
2294,53.0,54.0,52.0,53.0,54.0
2295,52.0,51.0,50.0,51.0,54.0
2296,53.0,53.0,49.0,51.0,52.0
2297,52.0,55.0,52.0,53.0,52.0
2298,53.0,51.0,52.0,51.0,52.0
2299,51.0,53.0,51.0,53.0,52.0
2300,53.0,52.0,54.0,53.0,52.0
2301,52.0,49.0,51.0,53.0,52.0
2302,53.0,52.0,53.0,52.0,53.0
2303,53.0,52.0,53.0,53.0,53.0
2304,52.0,53.0,52.0,51.0,55.0
2305,53.0,52.0,54.0,52.0,53.0
2306,54.0,49.0,51.0,53.0,53.0
2307,53.0,53.0,55.0,55.0,53.0
2308,54.0,54.0,52.0,52.0,55.0
2309,52.0,50.0,51.0,52.0,53.0
2310,52.0,52.0,53.0,55.0,55.0
2311,55.0,54.0,51.0,52.0,53.0
2312,52.0,53.0,53.0,52.0,54.0
2313,53.0,52.0,52.0,53.0,51.0
2314,52.0,51.0,51.0,55.0,51.0
2315,54.0,54.0,53.0,52.0,54.0
2316,52.0,53.0,52.0,53.0,51.0
2317,53.0,51.0,52.0,54.0,51.0
2318,51.0,53.0,52.0,51.0,53.0
2319,53.0,53.0,53.0,53.0,52.0
2320,51.0,52.0,52.0,52.0,54.0
2321,51.0,54.0,51.0,53.0,53.0
2322,52.0,52.0,51.0,52.0,51.0
2323,52.0,49.0,51.0,54.0,52.0
2324,51.0,53.0,53.0,51.0,52.0
2325,53.0,54.0,52.0,51.0,55.0
2326,55.0,53.0,52.0,53.0,53.0
2327,53.0,54.0,52.0,52.0,52.0
2328,54.0,51.0,52.0,51.0,52.0
2329,53.0,53.0,54.0,52.0,53.0
2330,54.0,54.0,52.0,53.0,52.0
2331,53.0,53.0,52.0,54.0,52.0
2332,54.0,54.0,52.0,50.0,52.0
2333,54.0,52.0,53.0,53.0,54.0
2334,51.0,53.0,53.0,52.0,52.0
2335,53.0,53.0,53.0,52.0,54.0
2336,51.0,52.0,54.0,52.0,55.0
2337,54.0,50.0,54.0,50.0,53.0
2338,54.0,54.0,53.0,51.0,52.0
2339,51.0,52.0,53.0,52.0,53.0
2340,53.0,53.0,54.0,54.0,52.0
2341,55.0,56.0,52.0,53.0,52.0
2342,52.0,53.0,54.0,52.0,55.0
2343,51.0,54.0,52.0,54.0,53.0
2344,52.0,52.0,53.0,54.0,53.0
2345,54.0,53.0,52.0,52.0,53.0
2346,52.0,54.0,50.0,53.0,53.0
2347,51.0,53.0,52.0,52.0,54.0
2348,52.0,52.0,53.0,53.0,53.0
2349,53.0,53.0,53.0,54.0,53.0
2350,55.0,50.0,52.0,53.0,52.0
2351,53.0,53.0,51.0,53.0,54.0
2352,52.0,52.0,53.0,53.0,52.0
2353,54.0,53.0,51.0,53.0,52.0
2354,53.0,54.0,51.0,53.0,54.0
2355,53.0,52.0,51.0,54.0,52.0
2356,52.0,53.0,53.0,54.0,53.0
2357,53.0,52.0,53.0,52.0,52.0
2358,53.0,53.0,52.0,53.0,54.0
2359,51.0,52.0,53.0,52.0,54.0
2360,53.0,51.0,53.0,52.0,53.0
2361,52.0,54.0,51.0,54.0,53.0
2362,52.0,54.0,51.0,51.0,51.0
2363,53.0,53.0,53.0,53.0,53.0
2364,52.0,53.0,52.0,52.0,55.0
2365,53.0,53.0,53.0,53.0,53.0
2366,52.0,52.0,54.0,53.0,53.0
2367,51.0,51.0,54.0,53.0,54.0
2368,52.0,53.0,51.0,53.0,53.0
2369,51.0,52.0,53.0,53.0,54.0
2370,54.0,54.0,53.0,53.0,53.0
2371,51.0,52.0,54.0,52.0,53.0
2372,52.0,52.0,53.0,52.0,55.0
2373,53.0,52.0,53.0,54.0,50.0
2374,54.0,52.0,52.0,53.0,53.0
2375,53.0,53.0,54.0,51.0,54.0
2376,51.0,53.0,51.0,54.0,52.0
2377,52.0,54.0,51.0,51.0,54.0
2378,53.0,52.0,53.0,53.0,53.0
2379,51.0,54.0,52.0,53.0,52.0
2380,51.0,53.0,53.0,53.0,52.0
2381,52.0,55.0,54.0,53.0,52.0
2382,51.0,53.0,51.0,55.0,51.0
2383,52.0,51.0,52.0,53.0,52.0
2384,52.0,52.0,53.0,52.0,52.0
2385,51.0,52.0,52.0,54.0,56.0
2386,53.0,52.0,54.0,52.0,51.0
2387,53.0,51.0,54.0,51.0,53.0
2388,51.0,52.0,52.0,52.0,53.0
2389,51.0,52.0,50.0,53.0,52.0
2390,52.0,52.0,53.0,53.0,53.0
2391,53.0,51.0,52.0,54.0,51.0
2392,52.0,53.0,53.0,53.0,52.0
2393,50.0,53.0,55.0,54.0,52.0
2394,50.0,52.0,53.0,52.0,51.0
2395,52.0,52.0,52.0,52.0,53.0
2396,53.0,54.0,52.0,51.0,54.0
2397,52.0,53.0,54.0,51.0,54.0
2398,54.0,52.0,52.0,54.0,53.0
2399,52.0,54.0,51.0,53.0,53.0
2400,53.0,54.0,52.0,54.0,53.0
2401,53.0,52.0,52.0,54.0,54.0
2402,52.0,53.0,54.0,52.0,52.0
2403,53.0,53.0,51.0,51.0,52.0
2404,54.0,52.0,52.0,54.0,50.0
2405,52.0,51.0,53.0,52.0,53.0
2406,51.0,50.0,52.0,53.0,52.0
2407,54.0,52.0,51.0,52.0,52.0
2408,51.0,52.0,53.0,52.0,52.0
2409,51.0,52.0,53.0,53.0,52.0
2410,54.0,51.0,52.0,51.0,52.0
2411,53.0,52.0,52.0,54.0,52.0
2412,52.0,51.0,53.0,51.0,52.0
2413,52.0,51.0,51.0,52.0,52.0
2414,50.0,55.0,54.0,54.0,52.0
2415,53.0,53.0,53.0,51.0,54.0
2416,53.0,53.0,53.0,54.0,52.0
2417,53.0,53.0,51.0,53.0,51.0
2418,52.0,51.0,52.0,53.0,52.0
2419,50.0,51.0,53.0,54.0,53.0
2420,56.0,50.0,50.0,52.0,53.0
2421,52.0,52.0,50.0,52.0,51.0
2422,53.0,50.0,52.0,53.0,52.0
2423,54.0,51.0,51.0,52.0,52.0
2424,52.0,53.0,52.0,52.0,52.0
2425,54.0,53.0,52.0,53.0,53.0
2426,51.0,54.0,52.0,52.0,53.0
2427,52.0,52.0,51.0,52.0,53.0
2428,51.0,53.0,51.0,52.0,51.0
2429,51.0,52.0,52.0,54.0,53.0
2430,53.0,50.0,51.0,53.0,54.0
2431,54.0,53.0,53.0,53.0,52.0
2432,52.0,51.0,51.0,54.0,53.0
2433,52.0,54.0,54.0,53.0,53.0
2434,53.0,52.0,52.0,52.0,53.0
2435,53.0,53.0,53.0,52.0,53.0
2436,53.0,54.0,54.0,55.0,52.0
2437,52.0,51.0,53.0,52.0,51.0
2438,54.0,53.0,52.0,52.0,51.0
2439,51.0,54.0,54.0,53.0,54.0
2440,54.0,53.0,52.0,51.0,53.0
2441,54.0,54.0,53.0,53.0,52.0
2442,51.0,54.0,52.0,52.0,51.0
2443,51.0,53.0,52.0,54.0,52.0
2444,52.0,54.0,52.0,53.0,53.0
2445,51.0,52.0,51.0,54.0,53.0
2446,51.0,51.0,52.0,53.0,55.0
2447,52.0,54.0,52.0,52.0,54.0
2448,53.0,52.0,52.0,55.0,54.0
2449,55.0,52.0,53.0,53.0,55.0
2450,53.0,52.0,54.0,52.0,53.0
2451,52.0,53.0,53.0,53.0,52.0
2452,54.0,52.0,52.0,52.0,53.0
2453,54.0,52.0,52.0,54.0,51.0
2454,52.0,54.0,53.0,52.0,52.0
2455,54.0,53.0,53.0,51.0,52.0
2456,52.0,51.0,52.0,53.0,55.0
2457,53.0,51.0,54.0,52.0,53.0
2458,53.0,53.0,53.0,53.0,52.0
2459,53.0,50.0,53.0,53.0,53.0
2460,52.0,52.0,53.0,52.0,54.0
2461,52.0,52.0,51.0,54.0,52.0
2462,53.0,55.0,53.0,52.0,51.0
2463,53.0,53.0,53.0,54.0,51.0
2464,54.0,54.0,53.0,52.0,52.0
2465,53.0,52.0,52.0,54.0,53.0
2466,52.0,53.0,51.0,53.0,52.0
2467,52.0,53.0,53.0,52.0,53.0
2468,53.0,53.0,53.0,53.0,54.0
2469,52.0,54.0,53.0,54.0,52.0
2470,55.0,54.0,52.0,52.0,53.0
2471,53.0,54.0,52.0,52.0,53.0
2472,53.0,52.0,54.0,52.0,54.0
2473,53.0,52.0,52.0,53.0,52.0
2474,54.0,52.0,55.0,51.0,53.0
2475,53.0,53.0,52.0,53.0,53.0
2476,54.0,53.0,53.0,53.0,53.0
2477,53.0,54.0,53.0,53.0,52.0
2478,51.0,53.0,53.0,52.0,52.0
2479,51.0,51.0,52.0,52.0,53.0
2480,54.0,53.0,51.0,53.0,54.0
2481,52.0,52.0,52.0,53.0,53.0
2482,52.0,53.0,54.0,53.0,54.0
2483,51.0,53.0,53.0,55.0,53.0
2484,52.0,53.0,52.0,54.0,54.0
2485,54.0,53.0,51.0,53.0,53.0
2486,51.0,52.0,53.0,52.0,52.0
2487,52.0,53.0,54.0,52.0,52.0
2488,52.0,51.0,53.0,53.0,53.0
2489,52.0,52.0,54.0,52.0,53.0
2490,52.0,52.0,52.0,54.0,53.0
2491,53.0,52.0,52.0,53.0,53.0
2492,52.0,52.0,53.0,52.0,53.0
2493,52.0,52.0,51.0,53.0,52.0
2494,52.0,53.0,50.0,52.0,51.0
2495,52.0,52.0,53.0,53.0,54.0
2496,54.0,53.0,54.0,52.0,53.0
2497,54.0,51.0,52.0,52.0,53.0
2498,53.0,51.0,51.0,53.0,55.0
2499,50.0,53.0,53.0,54.0,52.0
