,peak_X0,peak_Y0
event_0,103.0,-39.0
event_1,104.0,-83.0
event_2,104.0,-85.0
event_3,103.0,-58.0
event_4,104.0,-136.0
event_5,104.0,-84.0
event_6,104.0,-78.0
event_7,104.0,-76.0
event_8,104.0,-95.0
event_9,104.0,-73.0
event_10,103.0,-39.0
event_11,104.0,-115.0
event_12,104.0,-95.0
event_13,103.0,-54.0
event_14,103.0,-50.0
event_15,104.0,-72.00000000000001
event_16,104.0,-144.00000000000003
event_17,102.0,-33.0
event_18,103.0,-66.0
event_19,105.0,-111.0
event_20,103.0,-51.00000000000001
event_21,105.0,-148.0
event_22,104.0,-82.0
event_23,104.0,-85.0
event_24,102.0,-38.0
event_25,104.0,-105.0
event_26,103.0,-43.0
event_27,104.0,-99.0
event_28,104.0,-117.0
event_29,104.0,-87.00000000000001
event_30,104.0,-46.0
event_31,104.0,-97.0
event_32,105.0,-160.0
event_33,104.0,-177.0
event_34,104.0,-49.0
event_35,103.0,-39.0
event_36,103.0,-38.0
event_37,104.0,-85.0
event_38,103.0,-35.0
event_39,104.0,-50.0
event_40,104.0,-124.0
event_41,105.0,-111.0
event_42,104.0,-76.0
event_43,104.0,-136.0
event_44,104.0,-114.0
event_45,104.0,-89.0
event_46,104.0,-66.0
event_47,103.0,-77.0
event_48,104.0,-61.0
event_49,104.0,-167.0
event_50,103.0,-35.0
event_51,104.0,-68.0
event_52,104.0,-65.0
event_53,104.0,-110.0
event_54,102.0,-35.0
event_55,104.0,-56.0
event_56,104.0,-57.0
event_57,103.0,-40.0
event_58,104.0,-112.0
event_59,104.0,-149.0
event_60,105.0,-112.0
event_61,104.0,-83.0
event_62,104.0,-100.0
event_63,102.0,-31.0
event_64,104.0,-80.0
event_65,104.0,-52.00000000000001
event_66,104.0,-92.0
event_67,104.0,-154.0
event_68,104.0,-88.0
event_69,104.0,-51.00000000000001
event_70,104.0,-99.0
event_71,104.0,-139.0
event_72,103.0,-53.0
event_73,104.0,-74.0
event_74,104.0,-67.0
event_75,104.0,-73.0
event_76,104.0,-117.0
event_77,104.0,-43.0
event_78,104.0,-84.0
event_79,104.0,-67.0
event_80,103.0,-55.0
event_81,103.0,-51.00000000000001
event_82,104.0,-49.0
event_83,104.0,-52.00000000000001
event_84,104.0,-123.0
event_85,103.0,-57.0
event_86,103.0,-47.0
event_87,104.0,-51.00000000000001
event_88,104.0,-69.0
event_89,104.0,-100.0
event_90,104.0,-66.0
event_91,103.0,-72.00000000000001
event_92,103.0,-40.0
event_93,104.0,-91.0
event_94,103.0,-64.0
event_95,104.0,-81.0
event_96,104.0,-101.0
event_97,104.0,-66.0
event_98,104.0,-62.0
event_99,104.0,-147.0
event_100,103.0,-33.0
event_101,102.0,-30.0
event_102,104.0,-60.0
event_103,104.0,-91.0
event_104,103.0,-39.0
event_105,104.0,-132.0
event_106,103.0,-41.0
event_107,104.0,-109.0
event_108,104.0,-166.0
event_109,104.0,-56.0
event_110,104.0,-84.0
event_111,104.0,-177.0
event_112,104.0,-85.0
event_113,104.0,-71.00000000000001
event_114,104.0,-107.0
event_115,104.0,-82.0
event_116,104.0,-95.0
event_117,103.0,-82.0
event_118,104.0,-100.0
event_119,104.0,-122.0
event_120,105.0,-114.0
event_121,104.0,-113.0
event_122,103.0,-64.0
event_123,104.0,-125.0
event_124,104.0,-61.0
event_125,103.0,-47.0
event_126,103.0,-54.0
event_127,104.0,-108.0
event_128,104.0,-43.0
event_129,105.0,-150.0
event_130,104.0,-95.0
event_131,104.0,-64.0
event_132,104.0,-89.0
event_133,104.0,-91.0
event_134,103.0,-47.0
event_135,104.0,-92.0
event_136,103.0,-48.0
event_137,104.0,-106.0
event_138,103.0,-77.0
event_139,104.0,-104.0
event_140,103.0,-54.0
event_141,103.0,-33.0
event_142,103.0,-72.00000000000001
event_143,104.0,-74.0
event_144,104.0,-164.0
event_145,104.0,-96.0
event_146,104.0,-61.0
event_147,104.0,-90.0
event_148,104.0,-63.0
event_149,104.0,-77.0
event_150,103.0,-82.0
event_151,102.0,-33.0
event_152,104.0,-116.0
event_153,104.0,-177.0
event_154,104.0,-150.0
event_155,104.0,-130.0
event_156,104.0,-133.0
event_157,104.0,-103.0
event_158,104.0,-92.0
event_159,104.0,-46.0
event_160,103.0,-58.0
event_161,104.0,-95.0
event_162,103.0,-37.0
event_163,104.0,-104.0
event_164,104.0,-109.0
event_165,104.0,-96.0
event_166,104.0,-59.00000000000001
event_167,103.0,-37.0
event_168,104.0,-69.0
event_169,104.0,-86.0
event_170,104.0,-121.0
event_171,104.0,-110.0
event_172,104.0,-68.0
event_173,103.0,-34.0
event_174,104.0,-177.0
event_175,104.0,-83.0
event_176,104.0,-177.0
event_177,104.0,-67.0
event_178,104.0,-66.0
event_179,104.0,-111.0
event_180,102.0,-35.0
event_181,103.0,-79.0
event_182,103.0,-45.0
event_183,104.0,-72.00000000000001
event_184,104.0,-81.0
event_185,104.0,-110.0
event_186,104.0,-94.0
event_187,104.0,-64.0
event_188,103.0,-38.0
event_189,104.0,-111.0
event_190,104.0,-88.0
event_191,104.0,-117.0
event_192,104.0,-58.0
event_193,104.0,-125.0
event_194,103.0,-40.0
event_195,104.0,-149.0
event_196,104.0,-124.0
event_197,104.0,-52.00000000000001
event_198,104.0,-38.0
event_199,105.0,-157.0
event_200,104.0,-57.0
event_201,104.0,-154.0
event_202,104.0,-75.0
event_203,104.0,-45.0
event_204,103.0,-60.0
event_205,104.0,-61.0
event_206,104.0,-104.0
event_207,104.0,-89.0
event_208,104.0,-73.0
event_209,105.0,-158.0
event_210,103.0,-36.00000000000001
event_211,104.0,-137.0
event_212,104.0,-111.0
event_213,104.0,-97.0
event_214,102.0,-34.0
event_215,104.0,-76.0
event_216,103.0,-63.0
event_217,103.0,-73.0
event_218,104.0,-90.0
event_219,104.0,-49.0
event_220,103.0,-71.00000000000001
event_221,104.0,-153.0
event_222,104.0,-143.00000000000003
event_223,104.0,-165.0
event_224,103.0,-47.0
event_225,104.0,-68.0
event_226,104.0,-69.0
event_227,102.0,-35.0
event_228,104.0,-103.0
event_229,104.0,-63.0
event_230,104.0,-69.0
event_231,104.0,-68.0
event_232,103.0,-49.0
event_233,104.0,-57.0
event_234,104.0,-143.00000000000003
event_235,104.0,-73.0
event_236,103.0,-33.0
event_237,104.0,-50.0
event_238,104.0,-53.0
event_239,104.0,-177.0
event_240,104.0,-150.0
event_241,103.0,-34.0
event_242,103.0,-50.0
event_243,104.0,-79.0
event_244,104.0,-69.0
event_245,104.0,-150.0
event_246,104.0,-128.0
event_247,103.0,-67.0
event_248,104.0,-131.0
event_249,103.0,-37.0
event_250,104.0,-166.0
event_251,104.0,-92.0
event_252,105.0,-121.0
event_253,104.0,-177.0
event_254,104.0,-145.0
event_255,104.0,-141.0
event_256,104.0,-83.0
event_257,104.0,-111.0
event_258,104.0,-117.0
event_259,104.0,-125.0
event_260,104.0,-105.0
event_261,103.0,-48.0
event_262,104.0,-92.0
event_263,103.0,-38.0
event_264,104.0,-102.0
event_265,103.0,-58.0
event_266,104.0,-73.0
event_267,104.0,-73.0
event_268,103.0,-43.0
event_269,104.0,-58.0
event_270,104.0,-75.0
event_271,104.0,-61.0
event_272,104.0,-92.0
event_273,104.0,-60.0
event_274,104.0,-73.0
event_275,104.0,-77.0
event_276,104.0,-58.0
event_277,104.0,-129.0
event_278,104.0,-110.0
event_279,104.0,-71.00000000000001
event_280,104.0,-122.0
event_281,103.0,-53.0
event_282,104.0,-97.0
event_283,104.0,-126.0
event_284,104.0,-91.0
event_285,104.0,-119.0
event_286,104.0,-100.0
event_287,104.0,-122.0
event_288,104.0,-78.0
event_289,103.0,-34.0
event_290,104.0,-126.0
event_291,104.0,-57.0
event_292,103.0,-55.0
event_293,103.0,-47.0
event_294,104.0,-98.0
event_295,104.0,-63.0
event_296,103.0,-42.0
event_297,104.0,-69.0
event_298,105.0,-104.0
event_299,104.0,-50.0
event_300,104.0,-113.0
event_301,104.0,-137.0
event_302,104.0,-106.0
event_303,104.0,-121.0
event_304,104.0,-101.0
event_305,104.0,-104.0
event_306,104.0,-64.0
event_307,103.0,-63.0
event_308,102.0,-40.0
event_309,104.0,-123.0
event_310,103.0,-58.0
event_311,104.0,-71.00000000000001
event_312,104.0,-154.0
event_313,104.0,-75.0
event_314,104.0,-134.0
event_315,104.0,-88.0
event_316,103.0,-53.0
event_317,103.0,-81.0
event_318,104.0,-177.0
event_319,104.0,-118.0
event_320,104.0,-46.0
event_321,104.0,-119.0
event_322,104.0,-89.0
event_323,104.0,-118.0
event_324,103.0,-45.0
event_325,103.0,-74.0
event_326,103.0,-76.0
event_327,104.0,-78.0
event_328,104.0,-63.0
event_329,103.0,-38.0
event_330,104.0,-49.0
event_331,104.0,-48.0
event_332,104.0,-44.0
event_333,103.0,-60.0
event_334,103.0,-38.0
event_335,104.0,-141.0
event_336,104.0,-117.0
event_337,104.0,-100.0
event_338,103.0,-41.0
event_339,104.0,-59.00000000000001
event_340,104.0,-52.00000000000001
event_341,104.0,-148.0
event_342,104.0,-65.0
event_343,104.0,-63.0
event_344,104.0,-76.0
event_345,104.0,-76.0
event_346,104.0,-164.0
event_347,104.0,-59.00000000000001
event_348,104.0,-47.0
event_349,104.0,-99.0
event_350,104.0,-64.0
event_351,103.0,-46.0
event_352,103.0,-44.0
event_353,102.0,-32.0
event_354,104.0,-144.00000000000003
event_355,103.0,-41.0
event_356,104.0,-68.0
event_357,104.0,-122.0
event_358,104.0,-140.0
event_359,104.0,-75.0
event_360,104.0,-64.0
event_361,104.0,-100.0
event_362,104.0,-58.0
event_363,104.0,-128.0
event_364,104.0,-75.0
event_365,104.0,-89.0
event_366,104.0,-74.0
event_367,104.0,-63.0
event_368,103.0,-45.0
event_369,103.0,-41.0
event_370,103.0,-38.0
event_371,104.0,-49.0
event_372,103.0,-46.0
event_373,103.0,-57.0
event_374,103.0,-50.0
event_375,103.0,-49.0
event_376,103.0,-39.0
event_377,104.0,-50.0
event_378,103.0,-70.0
event_379,104.0,-73.0
event_380,103.0,-52.00000000000001
event_381,105.0,-107.0
event_382,103.0,-56.0
event_383,103.0,-71.00000000000001
event_384,103.0,-50.0
event_385,104.0,-67.0
event_386,104.0,-81.0
event_387,104.0,-134.0
event_388,103.0,-88.0
event_389,104.0,-65.0
event_390,104.0,-48.0
event_391,104.0,-94.0
event_392,104.0,-60.0
event_393,104.0,-59.00000000000001
event_394,104.0,-83.0
event_395,104.0,-88.0
event_396,104.0,-129.0
event_397,104.0,-66.0
event_398,104.0,-99.0
event_399,104.0,-163.0
event_400,104.0,-82.0
event_401,104.0,-89.0
event_402,103.0,-48.0
event_403,103.0,-60.0
event_404,104.0,-110.0
event_405,104.0,-82.0
event_406,104.0,-67.0
event_407,104.0,-77.0
event_408,104.0,-79.0
event_409,104.0,-55.0
event_410,104.0,-109.0
event_411,104.0,-67.0
event_412,103.0,-35.0
event_413,104.0,-67.0
event_414,105.0,-97.0
event_415,103.0,-54.0
event_416,104.0,-84.0
event_417,104.0,-177.0
event_418,104.0,-166.0
event_419,103.0,-41.0
event_420,104.0,-104.0
event_421,105.0,-95.0
event_422,104.0,-132.0
event_423,104.0,-67.0
event_424,104.0,-60.0
event_425,104.0,-118.0
event_426,104.0,-55.0
event_427,104.0,-148.0
event_428,104.0,-76.0
event_429,104.0,-71.00000000000001
event_430,104.0,-177.0
event_431,104.0,-52.00000000000001
event_432,103.0,-53.0
event_433,104.0,-51.00000000000001
event_434,104.0,-66.0
event_435,104.0,-57.0
event_436,104.0,-43.0
event_437,104.0,-78.0
event_438,104.0,-81.0
event_439,104.0,-74.0
event_440,104.0,-177.0
event_441,103.0,-45.0
event_442,104.0,-123.0
event_443,104.0,-73.0
event_444,103.0,-45.0
event_445,104.0,-95.0
event_446,104.0,-50.0
event_447,103.0,-51.00000000000001
event_448,104.0,-75.0
event_449,104.0,-105.0
event_450,103.0,-44.0
event_451,104.0,-83.0
event_452,104.0,-50.0
event_453,103.0,-57.0
event_454,104.0,-120.0
event_455,104.0,-167.0
event_456,104.0,-85.0
event_457,104.0,-58.0
event_458,104.0,-54.0
event_459,104.0,-166.0
event_460,103.0,-40.0
event_461,104.0,-78.0
event_462,104.0,-38.0
event_463,104.0,-118.0
event_464,103.0,-43.0
event_465,104.0,-86.0
event_466,103.0,-32.0
event_467,104.0,-90.0
event_468,103.0,-43.0
event_469,104.0,-76.0
event_470,104.0,-122.0
event_471,103.0,-37.0
event_472,104.0,-98.0
event_473,104.0,-92.0
event_474,104.0,-74.0
event_475,104.0,-66.0
event_476,104.0,-46.0
event_477,104.0,-128.0
event_478,105.0,-83.0
event_479,103.0,-58.0
event_480,104.0,-141.0
event_481,104.0,-94.0
event_482,105.0,-169.0
event_483,103.0,-52.00000000000001
event_484,104.0,-112.0
event_485,103.0,-65.0
event_486,102.0,-36.00000000000001
event_487,104.0,-133.0
event_488,102.0,-33.0
event_489,104.0,-101.0
event_490,104.0,-106.0
event_491,105.0,-131.0
event_492,103.0,-43.0
event_493,103.0,-35.0
event_494,104.0,-128.0
event_495,103.0,-47.0
event_496,104.0,-130.0
event_497,104.0,-119.0
event_498,104.0,-66.0
event_499,104.0,-176.0
event_500,103.0,-74.0
event_501,103.0,-39.0
event_502,104.0,-45.0
event_503,104.0,-47.0
event_504,104.0,-59.00000000000001
event_505,104.0,-95.0
event_506,103.0,-62.0
event_507,104.0,-87.00000000000001
event_508,104.0,-150.0
event_509,104.0,-177.0
event_510,103.0,-35.0
event_511,104.0,-116.0
event_512,102.0,-34.0
event_513,104.0,-80.0
event_514,104.0,-102.0
event_515,104.0,-96.0
event_516,104.0,-67.0
event_517,103.0,-61.0
event_518,103.0,-35.0
event_519,103.0,-34.0
event_520,104.0,-79.0
event_521,105.0,-132.0
event_522,103.0,-46.0
event_523,104.0,-93.0
event_524,103.0,-41.0
event_525,104.0,-90.0
event_526,104.0,-126.0
event_527,103.0,-82.0
event_528,104.0,-106.0
event_529,104.0,-103.0
event_530,104.0,-92.0
event_531,103.0,-49.0
event_532,104.0,-69.0
event_533,105.0,-127.0
event_534,104.0,-99.0
event_535,103.0,-50.0
event_536,104.0,-77.0
event_537,104.0,-84.0
event_538,103.0,-34.0
event_539,104.0,-66.0
event_540,104.0,-90.0
event_541,104.0,-133.0
event_542,103.0,-71.00000000000001
event_543,103.0,-58.0
event_544,105.0,-138.0
event_545,104.0,-96.0
event_546,104.0,-103.0
event_547,104.0,-86.0
event_548,104.0,-84.0
event_549,104.0,-124.0
event_550,104.0,-108.0
event_551,104.0,-64.0
event_552,104.0,-133.0
event_553,105.0,-141.0
event_554,103.0,-62.0
event_555,104.0,-74.0
event_556,104.0,-81.0
event_557,104.0,-143.00000000000003
event_558,104.0,-97.0
event_559,103.0,-71.00000000000001
event_560,104.0,-81.0
event_561,104.0,-102.0
event_562,104.0,-80.0
event_563,104.0,-64.0
event_564,104.0,-59.00000000000001
event_565,104.0,-177.0
event_566,104.0,-47.0
event_567,104.0,-45.0
event_568,104.0,-86.0
event_569,105.0,-121.0
event_570,104.0,-91.0
event_571,104.0,-89.0
event_572,103.0,-54.0
event_573,104.0,-177.0
event_574,104.0,-110.0
event_575,104.0,-106.0
event_576,103.0,-39.0
event_577,103.0,-40.0
event_578,103.0,-67.0
event_579,103.0,-71.00000000000001
event_580,104.0,-90.0
event_581,104.0,-55.0
event_582,104.0,-70.0
event_583,103.0,-59.00000000000001
event_584,104.0,-96.0
event_585,104.0,-58.0
event_586,104.0,-138.0
event_587,103.0,-51.00000000000001
event_588,104.0,-170.0
event_589,103.0,-43.0
event_590,104.0,-97.0
event_591,103.0,-38.0
event_592,104.0,-148.0
event_593,103.0,-65.0
event_594,104.0,-71.00000000000001
event_595,104.0,-107.0
event_596,103.0,-35.0
event_597,103.0,-58.0
event_598,103.0,-59.00000000000001
event_599,104.0,-118.0
event_600,104.0,-76.0
event_601,104.0,-86.0
event_602,104.0,-90.0
event_603,104.0,-123.0
event_604,104.0,-129.0
event_605,103.0,-44.0
event_606,103.0,-38.0
event_607,104.0,-65.0
event_608,104.0,-95.0
event_609,104.0,-130.0
event_610,104.0,-78.0
event_611,104.0,-102.0
event_612,104.0,-100.0
event_613,103.0,-37.0
event_614,104.0,-132.0
event_615,104.0,-80.0
event_616,104.0,-59.00000000000001
event_617,104.0,-75.0
event_618,103.0,-31.0
event_619,104.0,-83.0
event_620,104.0,-149.0
event_621,103.0,-39.0
event_622,104.0,-51.00000000000001
event_623,103.0,-65.0
event_624,103.0,-79.0
event_625,104.0,-84.0
event_626,104.0,-98.0
event_627,102.0,-35.0
event_628,104.0,-83.0
event_629,103.0,-41.0
event_630,104.0,-115.0
event_631,103.0,-36.00000000000001
event_632,104.0,-57.0
event_633,103.0,-52.00000000000001
event_634,104.0,-135.0
event_635,104.0,-55.0
event_636,104.0,-83.0
event_637,103.0,-64.0
event_638,103.0,-76.0
event_639,104.0,-65.0
event_640,103.0,-43.0
event_641,104.0,-106.0
event_642,104.0,-148.0
event_643,103.0,-45.0
event_644,104.0,-60.0
event_645,102.0,-35.0
event_646,104.0,-76.0
event_647,103.0,-66.0
event_648,105.0,-154.0
event_649,104.0,-122.0
event_650,102.0,-29.0
event_651,104.0,-105.0
event_652,104.0,-68.0
event_653,103.0,-35.0
event_654,104.0,-51.00000000000001
event_655,104.0,-153.0
event_656,104.0,-55.0
event_657,104.0,-41.0
event_658,104.0,-56.0
event_659,104.0,-87.00000000000001
event_660,104.0,-90.0
event_661,103.0,-92.0
event_662,104.0,-78.0
event_663,104.0,-96.0
event_664,104.0,-66.0
event_665,103.0,-42.0
event_666,104.0,-136.0
event_667,103.0,-39.0
event_668,103.0,-75.0
event_669,104.0,-77.0
event_670,104.0,-100.0
event_671,104.0,-70.0
event_672,104.0,-104.0
event_673,104.0,-73.0
event_674,103.0,-67.0
event_675,105.0,-155.0
event_676,103.0,-51.00000000000001
event_677,104.0,-96.0
event_678,104.0,-60.0
event_679,103.0,-51.00000000000001
event_680,103.0,-59.00000000000001
event_681,103.0,-59.00000000000001
event_682,103.0,-52.00000000000001
event_683,104.0,-67.0
event_684,104.0,-61.0
event_685,104.0,-63.0
event_686,104.0,-177.0
event_687,104.0,-73.0
event_688,103.0,-51.00000000000001
event_689,104.0,-70.0
event_690,104.0,-117.0
event_691,104.0,-73.0
event_692,104.0,-62.0
event_693,102.0,-37.0
event_694,104.0,-78.0
event_695,104.0,-116.0
event_696,104.0,-78.0
event_697,103.0,-46.0
event_698,104.0,-128.0
event_699,104.0,-146.0
event_700,103.0,-47.0
event_701,105.0,-177.0
event_702,104.0,-100.0
event_703,103.0,-34.0
event_704,104.0,-107.0
event_705,104.0,-105.0
event_706,102.0,-34.0
event_707,104.0,-70.0
event_708,105.0,-177.0
event_709,103.0,-62.0
event_710,104.0,-135.0
event_711,104.0,-145.0
event_712,104.0,-98.0
event_713,104.0,-74.0
event_714,103.0,-87.00000000000001
event_715,104.0,-57.0
event_716,104.0,-74.0
event_717,104.0,-59.00000000000001
event_718,105.0,-177.0
event_719,104.0,-88.0
event_720,104.0,-64.0
event_721,104.0,-72.00000000000001
event_722,104.0,-101.0
event_723,103.0,-64.0
event_724,104.0,-99.0
event_725,104.0,-83.0
event_726,103.0,-38.0
event_727,104.0,-98.0
event_728,104.0,-98.0
event_729,103.0,-38.0
event_730,104.0,-54.0
event_731,104.0,-84.0
event_732,104.0,-131.0
event_733,104.0,-110.0
event_734,104.0,-88.0
event_735,104.0,-177.0
event_736,104.0,-83.0
event_737,104.0,-98.0
event_738,104.0,-136.0
event_739,104.0,-79.0
event_740,103.0,-41.0
event_741,103.0,-45.0
event_742,104.0,-159.0
event_743,104.0,-156.0
event_744,104.0,-108.0
event_745,104.0,-79.0
event_746,104.0,-67.0
event_747,104.0,-132.0
event_748,103.0,-34.0
event_749,104.0,-100.0
event_750,104.0,-129.0
event_751,104.0,-83.0
event_752,104.0,-100.0
event_753,104.0,-69.0
event_754,104.0,-53.0
event_755,103.0,-44.0
event_756,104.0,-62.0
event_757,103.0,-78.0
event_758,103.0,-52.00000000000001
event_759,103.0,-34.0
event_760,104.0,-56.0
event_761,104.0,-71.00000000000001
event_762,103.0,-73.0
event_763,103.0,-68.0
event_764,104.0,-91.0
event_765,103.0,-46.0
event_766,104.0,-85.0
event_767,104.0,-116.0
event_768,104.0,-82.0
event_769,104.0,-68.0
event_770,104.0,-106.0
event_771,104.0,-78.0
event_772,104.0,-117.0
event_773,102.0,-30.0
event_774,103.0,-63.0
event_775,104.0,-105.0
event_776,104.0,-88.0
event_777,104.0,-104.0
event_778,104.0,-58.0
event_779,104.0,-42.0
event_780,103.0,-67.0
event_781,104.0,-51.00000000000001
event_782,104.0,-118.0
event_783,104.0,-128.0
event_784,104.0,-89.0
event_785,102.0,-36.00000000000001
event_786,104.0,-135.0
event_787,104.0,-107.0
event_788,104.0,-94.0
event_789,103.0,-44.0
event_790,104.0,-113.0
event_791,103.0,-39.0
event_792,104.0,-156.0
event_793,104.0,-89.0
event_794,104.0,-154.0
event_795,104.0,-115.0
event_796,103.0,-76.0
event_797,104.0,-54.0
event_798,104.0,-86.0
event_799,104.0,-99.0
event_800,104.0,-98.0
event_801,104.0,-70.0
event_802,103.0,-75.0
event_803,104.0,-113.0
event_804,103.0,-44.0
event_805,104.0,-58.0
event_806,105.0,-122.0
event_807,104.0,-57.0
event_808,104.0,-43.0
event_809,104.0,-87.00000000000001
event_810,104.0,-71.00000000000001
event_811,104.0,-108.0
event_812,104.0,-158.0
event_813,104.0,-142.00000000000003
event_814,103.0,-46.0
event_815,103.0,-36.00000000000001
event_816,103.0,-81.0
event_817,104.0,-102.0
event_818,103.0,-50.0
event_819,104.0,-106.0
event_820,104.0,-113.0
event_821,104.0,-110.0
event_822,103.0,-43.0
event_823,104.0,-164.0
event_824,103.0,-70.0
event_825,104.0,-98.0
event_826,104.0,-73.0
event_827,104.0,-69.0
event_828,104.0,-110.0
event_829,104.0,-70.0
event_830,104.0,-67.0
event_831,104.0,-101.0
event_832,104.0,-176.0
event_833,104.0,-116.0
event_834,104.0,-99.0
event_835,104.0,-70.0
event_836,103.0,-57.0
event_837,103.0,-52.00000000000001
event_838,103.0,-52.00000000000001
event_839,103.0,-81.0
event_840,104.0,-48.0
event_841,104.0,-101.0
event_842,104.0,-89.0
event_843,103.0,-52.00000000000001
event_844,103.0,-37.0
event_845,103.0,-54.0
event_846,104.0,-82.0
event_847,104.0,-156.0
event_848,104.0,-39.0
event_849,103.0,-83.0
event_850,103.0,-41.0
event_851,104.0,-119.0
event_852,104.0,-159.0
event_853,104.0,-111.0
event_854,104.0,-57.0
event_855,104.0,-155.0
event_856,104.0,-72.00000000000001
event_857,104.0,-49.0
event_858,104.0,-66.0
event_859,104.0,-101.0
event_860,104.0,-46.0
event_861,104.0,-62.0
event_862,104.0,-64.0
event_863,104.0,-93.0
event_864,104.0,-109.0
event_865,104.0,-97.0
event_866,103.0,-38.0
event_867,104.0,-131.0
event_868,103.0,-46.0
event_869,104.0,-118.0
event_870,104.0,-89.0
event_871,104.0,-67.0
event_872,104.0,-144.00000000000003
event_873,104.0,-63.0
event_874,104.0,-81.0
event_875,104.0,-88.0
event_876,103.0,-44.0
event_877,104.0,-70.0
event_878,103.0,-59.00000000000001
event_879,104.0,-106.0
event_880,103.0,-52.00000000000001
event_881,103.0,-55.0
event_882,104.0,-108.0
event_883,104.0,-107.0
event_884,104.0,-109.0
event_885,104.0,-61.0
event_886,103.0,-49.0
event_887,104.0,-82.0
event_888,105.0,-153.0
event_889,104.0,-119.0
event_890,104.0,-76.0
event_891,104.0,-111.0
event_892,103.0,-48.0
event_893,104.0,-94.0
event_894,104.0,-94.0
event_895,103.0,-37.0
event_896,104.0,-80.0
event_897,104.0,-86.0
event_898,104.0,-111.0
event_899,104.0,-146.0
event_900,104.0,-145.0
event_901,104.0,-171.0
event_902,103.0,-36.00000000000001
event_903,104.0,-93.0
event_904,103.0,-41.0
event_905,104.0,-73.0
event_906,104.0,-81.0
event_907,104.0,-49.0
event_908,104.0,-80.0
event_909,104.0,-51.00000000000001
event_910,104.0,-85.0
event_911,104.0,-110.0
event_912,104.0,-67.0
event_913,103.0,-39.0
event_914,104.0,-76.0
event_915,104.0,-86.0
event_916,103.0,-50.0
event_917,105.0,-143.00000000000003
event_918,105.0,-149.0
event_919,104.0,-86.0
event_920,104.0,-70.0
event_921,104.0,-55.0
event_922,104.0,-69.0
event_923,104.0,-59.00000000000001
event_924,104.0,-54.0
event_925,103.0,-37.0
event_926,104.0,-125.0
event_927,103.0,-64.0
event_928,104.0,-99.0
event_929,104.0,-102.0
event_930,104.0,-67.0
event_931,104.0,-103.0
event_932,103.0,-66.0
event_933,104.0,-44.0
event_934,104.0,-95.0
event_935,104.0,-63.0
event_936,104.0,-94.0
event_937,103.0,-50.0
event_938,104.0,-154.0
event_939,103.0,-53.0
event_940,104.0,-73.0
event_941,103.0,-58.0
event_942,104.0,-99.0
event_943,105.0,-132.0
event_944,104.0,-106.0
event_945,104.0,-120.0
event_946,104.0,-102.0
event_947,104.0,-105.0
event_948,104.0,-109.0
event_949,104.0,-89.0
event_950,104.0,-107.0
event_951,104.0,-94.0
event_952,103.0,-50.0
event_953,104.0,-88.0
event_954,103.0,-45.0
event_955,103.0,-41.0
event_956,104.0,-92.0
event_957,104.0,-114.0
event_958,104.0,-51.00000000000001
event_959,104.0,-51.00000000000001
event_960,104.0,-172.0
event_961,103.0,-40.0
event_962,103.0,-65.0
event_963,104.0,-84.0
event_964,104.0,-42.0
event_965,104.0,-42.0
event_966,104.0,-177.0
event_967,104.0,-57.0
event_968,104.0,-114.0
event_969,104.0,-107.0
event_970,105.0,-113.0
event_971,104.0,-66.0
event_972,104.0,-125.0
event_973,104.0,-70.0
event_974,104.0,-81.0
event_975,104.0,-126.0
event_976,104.0,-94.0
event_977,104.0,-90.0
event_978,103.0,-39.0
event_979,104.0,-145.0
event_980,103.0,-49.0
event_981,103.0,-37.0
event_982,103.0,-43.0
event_983,104.0,-114.0
event_984,104.0,-84.0
event_985,103.0,-46.0
event_986,105.0,-98.0
event_987,104.0,-118.0
event_988,104.0,-98.0
event_989,104.0,-154.0
event_990,104.0,-71.00000000000001
event_991,104.0,-143.00000000000003
event_992,104.0,-67.0
event_993,104.0,-177.0
event_994,103.0,-43.0
event_995,104.0,-104.0
event_996,103.0,-44.0
event_997,104.0,-47.0
event_998,103.0,-59.00000000000001
event_999,104.0,-71.00000000000001
event_1000,104.0,-121.0
event_1001,104.0,-72.00000000000001
event_1002,103.0,-36.00000000000001
event_1003,104.0,-90.0
event_1004,103.0,-57.0
event_1005,104.0,-87.00000000000001
event_1006,103.0,-48.0
event_1007,103.0,-66.0
event_1008,104.0,-106.0
event_1009,103.0,-66.0
event_1010,104.0,-89.0
event_1011,104.0,-106.0
event_1012,104.0,-97.0
event_1013,104.0,-86.0
event_1014,104.0,-61.0
event_1015,104.0,-113.0
event_1016,104.0,-84.0
event_1017,104.0,-89.0
event_1018,104.0,-86.0
event_1019,104.0,-95.0
event_1020,104.0,-49.0
event_1021,104.0,-49.0
event_1022,104.0,-89.0
event_1023,102.0,-36.00000000000001
event_1024,104.0,-121.0
event_1025,103.0,-49.0
event_1026,104.0,-113.0
event_1027,104.0,-80.0
event_1028,104.0,-55.0
event_1029,104.0,-102.0
event_1030,104.0,-112.0
event_1031,104.0,-65.0
event_1032,104.0,-73.0
event_1033,102.0,-35.0
event_1034,103.0,-50.0
event_1035,104.0,-147.0
event_1036,103.0,-48.0
event_1037,104.0,-113.0
event_1038,104.0,-95.0
event_1039,102.0,-34.0
event_1040,103.0,-70.0
event_1041,104.0,-107.0
event_1042,104.0,-157.0
event_1043,103.0,-63.0
event_1044,104.0,-88.0
event_1045,104.0,-121.0
event_1046,104.0,-97.0
event_1047,104.0,-60.0
event_1048,104.0,-88.0
event_1049,103.0,-45.0
event_1050,104.0,-136.0
event_1051,104.0,-147.0
event_1052,104.0,-79.0
event_1053,103.0,-39.0
event_1054,104.0,-67.0
event_1055,104.0,-145.0
event_1056,104.0,-50.0
event_1057,104.0,-128.0
event_1058,104.0,-93.0
event_1059,104.0,-74.0
event_1060,104.0,-120.0
event_1061,104.0,-111.0
event_1062,104.0,-114.0
event_1063,104.0,-55.0
event_1064,104.0,-53.0
event_1065,104.0,-85.0
event_1066,104.0,-125.0
event_1067,104.0,-84.0
event_1068,104.0,-73.0
event_1069,104.0,-170.0
event_1070,104.0,-83.0
event_1071,103.0,-84.0
event_1072,104.0,-57.0
event_1073,104.0,-58.0
event_1074,103.0,-90.0
event_1075,104.0,-84.0
event_1076,104.0,-94.0
event_1077,104.0,-115.0
event_1078,104.0,-136.0
event_1079,104.0,-56.0
event_1080,104.0,-177.0
event_1081,103.0,-35.0
event_1082,104.0,-105.0
event_1083,104.0,-162.0
event_1084,104.0,-111.0
event_1085,104.0,-60.0
event_1086,104.0,-91.0
event_1087,104.0,-89.0
event_1088,103.0,-34.0
event_1089,104.0,-77.0
event_1090,104.0,-99.0
event_1091,104.0,-148.0
event_1092,104.0,-57.0
event_1093,104.0,-156.0
event_1094,104.0,-92.0
event_1095,103.0,-35.0
event_1096,104.0,-66.0
event_1097,104.0,-108.0
event_1098,104.0,-127.0
event_1099,104.0,-87.00000000000001
event_1100,104.0,-90.0
event_1101,104.0,-101.0
event_1102,104.0,-84.0
event_1103,104.0,-82.0
event_1104,104.0,-72.00000000000001
event_1105,104.0,-166.0
event_1106,104.0,-124.0
event_1107,104.0,-70.0
event_1108,104.0,-104.0
event_1109,104.0,-141.0
event_1110,104.0,-119.0
event_1111,103.0,-67.0
event_1112,104.0,-92.0
event_1113,104.0,-70.0
event_1114,104.0,-45.0
event_1115,104.0,-40.0
event_1116,104.0,-103.0
event_1117,103.0,-45.0
event_1118,104.0,-81.0
event_1119,104.0,-59.00000000000001
event_1120,104.0,-53.0
event_1121,104.0,-56.0
event_1122,104.0,-60.0
event_1123,104.0,-65.0
event_1124,104.0,-53.0
event_1125,104.0,-72.00000000000001
event_1126,104.0,-53.0
event_1127,103.0,-56.0
event_1128,103.0,-36.00000000000001
event_1129,104.0,-112.0
event_1130,104.0,-73.0
event_1131,104.0,-177.0
event_1132,104.0,-160.0
event_1133,103.0,-71.00000000000001
event_1134,103.0,-35.0
event_1135,104.0,-85.0
event_1136,104.0,-140.0
event_1137,104.0,-155.0
event_1138,104.0,-70.0
event_1139,104.0,-113.0
event_1140,103.0,-34.0
event_1141,104.0,-60.0
event_1142,104.0,-79.0
event_1143,103.0,-52.00000000000001
event_1144,104.0,-177.0
event_1145,104.0,-56.0
event_1146,104.0,-44.0
event_1147,104.0,-91.0
event_1148,104.0,-76.0
event_1149,105.0,-126.0
event_1150,104.0,-60.0
event_1151,104.0,-90.0
event_1152,104.0,-87.00000000000001
event_1153,104.0,-66.0
event_1154,104.0,-62.0
event_1155,105.0,-138.0
event_1156,103.0,-42.0
event_1157,104.0,-91.0
event_1158,104.0,-59.00000000000001
event_1159,104.0,-119.0
event_1160,104.0,-53.0
event_1161,104.0,-86.0
event_1162,104.0,-45.0
event_1163,104.0,-47.0
event_1164,104.0,-77.0
event_1165,104.0,-99.0
event_1166,104.0,-66.0
event_1167,104.0,-108.0
event_1168,104.0,-83.0
event_1169,103.0,-57.0
event_1170,104.0,-82.0
event_1171,104.0,-127.0
event_1172,104.0,-82.0
event_1173,104.0,-97.0
event_1174,104.0,-76.0
event_1175,104.0,-129.0
event_1176,104.0,-74.0
event_1177,104.0,-86.0
event_1178,104.0,-121.0
event_1179,104.0,-96.0
event_1180,104.0,-106.0
event_1181,103.0,-31.0
event_1182,103.0,-52.00000000000001
event_1183,104.0,-177.0
event_1184,105.0,-137.0
event_1185,104.0,-116.0
event_1186,104.0,-60.0
event_1187,104.0,-150.0
event_1188,104.0,-177.0
event_1189,104.0,-94.0
event_1190,104.0,-73.0
event_1191,104.0,-61.0
event_1192,105.0,-82.0
event_1193,103.0,-78.0
event_1194,104.0,-66.0
event_1195,103.0,-71.00000000000001
event_1196,104.0,-52.00000000000001
event_1197,104.0,-57.0
event_1198,104.0,-63.0
event_1199,104.0,-94.0
event_1200,104.0,-144.00000000000003
event_1201,103.0,-42.0
event_1202,104.0,-70.0
event_1203,104.0,-58.0
event_1204,104.0,-90.0
event_1205,104.0,-93.0
event_1206,103.0,-34.0
event_1207,103.0,-55.0
event_1208,104.0,-42.0
event_1209,104.0,-136.0
event_1210,104.0,-46.0
event_1211,104.0,-55.0
event_1212,103.0,-63.0
event_1213,104.0,-94.0
event_1214,103.0,-38.0
event_1215,103.0,-65.0
event_1216,104.0,-93.0
event_1217,104.0,-88.0
event_1218,104.0,-105.0
event_1219,104.0,-128.0
event_1220,103.0,-38.0
event_1221,103.0,-39.0
event_1222,103.0,-41.0
event_1223,104.0,-102.0
event_1224,104.0,-157.0
event_1225,104.0,-100.0
event_1226,104.0,-101.0
event_1227,104.0,-57.0
event_1228,104.0,-177.0
event_1229,104.0,-77.0
event_1230,104.0,-99.0
event_1231,104.0,-126.0
event_1232,104.0,-123.0
event_1233,104.0,-111.0
event_1234,103.0,-84.0
event_1235,104.0,-104.0
event_1236,103.0,-46.0
event_1237,104.0,-143.00000000000003
event_1238,103.0,-77.0
event_1239,104.0,-108.0
event_1240,104.0,-162.0
event_1241,102.0,-32.0
event_1242,103.0,-73.0
event_1243,104.0,-102.0
event_1244,104.0,-85.0
event_1245,104.0,-83.0
event_1246,104.0,-72.00000000000001
event_1247,104.0,-161.0
event_1248,104.0,-93.0
event_1249,104.0,-110.0
event_1250,104.0,-88.0
event_1251,104.0,-42.0
event_1252,103.0,-40.0
event_1253,104.0,-78.0
event_1254,104.0,-67.0
event_1255,103.0,-34.0
event_1256,104.0,-155.0
event_1257,104.0,-150.0
event_1258,105.0,-107.0
event_1259,103.0,-53.0
event_1260,104.0,-67.0
event_1261,104.0,-104.0
event_1262,103.0,-56.0
event_1263,103.0,-38.0
event_1264,104.0,-177.0
event_1265,104.0,-75.0
event_1266,104.0,-118.0
event_1267,104.0,-138.0
event_1268,103.0,-73.0
event_1269,104.0,-102.0
event_1270,104.0,-103.0
event_1271,104.0,-72.00000000000001
event_1272,103.0,-47.0
event_1273,103.0,-45.0
event_1274,104.0,-104.0
event_1275,103.0,-46.0
event_1276,104.0,-88.0
event_1277,105.0,-160.0
event_1278,104.0,-75.0
event_1279,104.0,-70.0
event_1280,105.0,-149.0
event_1281,104.0,-67.0
event_1282,104.0,-82.0
event_1283,104.0,-103.0
event_1284,104.0,-66.0
event_1285,102.0,-35.0
event_1286,104.0,-114.0
event_1287,104.0,-52.00000000000001
event_1288,104.0,-86.0
event_1289,103.0,-51.00000000000001
event_1290,104.0,-100.0
event_1291,104.0,-83.0
event_1292,103.0,-39.0
event_1293,103.0,-52.00000000000001
event_1294,104.0,-94.0
event_1295,104.0,-62.0
event_1296,104.0,-90.0
event_1297,104.0,-70.0
event_1298,103.0,-44.0
event_1299,103.0,-57.0
event_1300,104.0,-124.0
event_1301,104.0,-96.0
event_1302,104.0,-67.0
event_1303,104.0,-127.0
event_1304,105.0,-110.0
event_1305,104.0,-71.00000000000001
event_1306,104.0,-77.0
event_1307,103.0,-79.0
event_1308,103.0,-45.0
event_1309,104.0,-69.0
event_1310,104.0,-110.0
event_1311,103.0,-95.0
event_1312,104.0,-82.0
event_1313,104.0,-77.0
event_1314,104.0,-61.0
event_1315,104.0,-76.0
event_1316,103.0,-96.0
event_1317,104.0,-74.0
event_1318,104.0,-90.0
event_1319,104.0,-93.0
event_1320,104.0,-127.0
event_1321,104.0,-63.0
event_1322,103.0,-44.0
event_1323,104.0,-70.0
event_1324,104.0,-133.0
event_1325,104.0,-74.0
event_1326,104.0,-101.0
event_1327,104.0,-54.0
event_1328,104.0,-67.0
event_1329,103.0,-53.0
event_1330,104.0,-177.0
event_1331,104.0,-60.0
event_1332,104.0,-50.0
event_1333,103.0,-42.0
event_1334,103.0,-36.00000000000001
event_1335,104.0,-63.0
event_1336,104.0,-96.0
event_1337,104.0,-105.0
event_1338,104.0,-97.0
event_1339,104.0,-50.0
event_1340,104.0,-91.0
event_1341,104.0,-106.0
event_1342,104.0,-54.0
event_1343,103.0,-65.0
event_1344,104.0,-42.0
event_1345,103.0,-60.0
event_1346,103.0,-36.00000000000001
event_1347,103.0,-53.0
event_1348,104.0,-45.0
event_1349,104.0,-117.0
event_1350,104.0,-105.0
event_1351,105.0,-177.0
event_1352,104.0,-82.0
event_1353,104.0,-56.0
event_1354,103.0,-66.0
event_1355,104.0,-73.0
event_1356,105.0,-177.0
event_1357,104.0,-106.0
event_1358,104.0,-110.0
event_1359,104.0,-93.0
event_1360,104.0,-85.0
event_1361,104.0,-98.0
event_1362,104.0,-104.0
event_1363,102.0,-29.0
event_1364,104.0,-91.0
event_1365,104.0,-111.0
event_1366,104.0,-49.0
event_1367,104.0,-95.0
event_1368,104.0,-98.0
event_1369,104.0,-98.0
event_1370,104.0,-80.0
event_1371,103.0,-54.0
event_1372,104.0,-151.0
event_1373,104.0,-158.0
event_1374,103.0,-42.0
event_1375,103.0,-58.0
event_1376,105.0,-119.0
event_1377,104.0,-66.0
event_1378,104.0,-125.0
event_1379,104.0,-118.0
event_1380,104.0,-101.0
event_1381,103.0,-61.0
event_1382,104.0,-89.0
event_1383,104.0,-128.0
event_1384,104.0,-77.0
event_1385,104.0,-38.0
event_1386,104.0,-77.0
event_1387,105.0,-177.0
event_1388,104.0,-86.0
event_1389,104.0,-95.0
event_1390,104.0,-61.0
event_1391,103.0,-38.0
event_1392,104.0,-155.0
event_1393,104.0,-75.0
event_1394,103.0,-77.0
event_1395,104.0,-70.0
event_1396,103.0,-59.00000000000001
event_1397,104.0,-68.0
event_1398,105.0,-123.0
event_1399,103.0,-73.0
event_1400,104.0,-76.0
event_1401,103.0,-57.0
event_1402,104.0,-48.0
event_1403,104.0,-77.0
event_1404,104.0,-51.00000000000001
event_1405,104.0,-121.0
event_1406,103.0,-57.0
event_1407,104.0,-78.0
event_1408,105.0,-171.0
event_1409,104.0,-109.0
event_1410,103.0,-53.0
event_1411,104.0,-131.0
event_1412,102.0,-33.0
event_1413,104.0,-75.0
event_1414,104.0,-124.0
event_1415,104.0,-88.0
event_1416,103.0,-45.0
event_1417,104.0,-75.0
event_1418,104.0,-116.0
event_1419,104.0,-65.0
event_1420,104.0,-62.0
event_1421,104.0,-39.0
event_1422,103.0,-31.0
event_1423,104.0,-90.0
event_1424,104.0,-50.0
event_1425,103.0,-49.0
event_1426,104.0,-115.0
event_1427,104.0,-119.0
event_1428,104.0,-101.0
event_1429,103.0,-51.00000000000001
event_1430,104.0,-69.0
event_1431,103.0,-49.0
event_1432,103.0,-44.0
event_1433,104.0,-108.0
event_1434,104.0,-84.0
event_1435,103.0,-66.0
event_1436,104.0,-50.0
event_1437,104.0,-92.0
event_1438,104.0,-145.0
event_1439,104.0,-111.0
event_1440,104.0,-81.0
event_1441,104.0,-50.0
event_1442,104.0,-126.0
event_1443,104.0,-115.0
event_1444,104.0,-126.0
event_1445,104.0,-95.0
event_1446,104.0,-133.0
event_1447,104.0,-95.0
event_1448,103.0,-51.00000000000001
event_1449,104.0,-126.0
event_1450,103.0,-62.0
event_1451,104.0,-53.0
event_1452,104.0,-75.0
event_1453,104.0,-69.0
event_1454,104.0,-80.0
event_1455,104.0,-103.0
event_1456,104.0,-108.0
event_1457,103.0,-85.0
event_1458,102.0,-31.0
event_1459,104.0,-81.0
event_1460,103.0,-41.0
event_1461,103.0,-42.0
event_1462,104.0,-89.0
event_1463,104.0,-70.0
event_1464,105.0,-122.0
event_1465,103.0,-49.0
event_1466,104.0,-100.0
event_1467,103.0,-46.0
event_1468,104.0,-60.0
event_1469,103.0,-35.0
event_1470,104.0,-129.0
event_1471,104.0,-102.0
event_1472,104.0,-119.0
event_1473,104.0,-137.0
event_1474,104.0,-101.0
event_1475,104.0,-91.0
event_1476,103.0,-36.00000000000001
event_1477,103.0,-43.0
event_1478,104.0,-59.00000000000001
event_1479,105.0,-93.0
event_1480,104.0,-101.0
event_1481,103.0,-56.0
event_1482,102.0,-37.0
event_1483,103.0,-58.0
event_1484,104.0,-134.0
event_1485,104.0,-57.0
event_1486,104.0,-114.0
event_1487,104.0,-96.0
event_1488,105.0,-124.0
event_1489,103.0,-63.0
event_1490,103.0,-60.0
event_1491,104.0,-88.0
event_1492,104.0,-43.0
event_1493,103.0,-34.0
event_1494,103.0,-57.0
event_1495,105.0,-131.0
event_1496,103.0,-38.0
event_1497,103.0,-48.0
event_1498,105.0,-94.0
event_1499,104.0,-97.0
event_1500,104.0,-68.0
event_1501,104.0,-77.0
event_1502,104.0,-72.00000000000001
event_1503,104.0,-100.0
event_1504,105.0,-132.0
event_1505,104.0,-48.0
event_1506,104.0,-72.00000000000001
event_1507,103.0,-42.0
event_1508,103.0,-38.0
event_1509,104.0,-113.0
event_1510,104.0,-118.0
event_1511,104.0,-42.0
event_1512,104.0,-76.0
event_1513,104.0,-71.00000000000001
event_1514,104.0,-64.0
event_1515,104.0,-75.0
event_1516,104.0,-95.0
event_1517,104.0,-80.0
event_1518,105.0,-123.0
event_1519,105.0,-135.0
event_1520,104.0,-123.0
event_1521,104.0,-111.0
event_1522,104.0,-105.0
event_1523,104.0,-88.0
event_1524,103.0,-42.0
event_1525,104.0,-58.0
event_1526,103.0,-52.00000000000001
event_1527,104.0,-85.0
event_1528,104.0,-105.0
event_1529,104.0,-115.0
event_1530,104.0,-86.0
event_1531,104.0,-115.0
event_1532,103.0,-35.0
event_1533,102.0,-31.0
event_1534,104.0,-107.0
event_1535,104.0,-77.0
event_1536,104.0,-104.0
event_1537,103.0,-43.0
event_1538,104.0,-134.0
event_1539,104.0,-112.0
event_1540,104.0,-78.0
event_1541,103.0,-44.0
event_1542,104.0,-164.0
event_1543,104.0,-109.0
event_1544,104.0,-130.0
event_1545,104.0,-161.0
event_1546,104.0,-175.00000000000003
event_1547,104.0,-177.0
event_1548,104.0,-110.0
event_1549,103.0,-72.00000000000001
event_1550,103.0,-60.0
event_1551,104.0,-76.0
event_1552,104.0,-79.0
event_1553,103.0,-52.00000000000001
event_1554,104.0,-85.0
event_1555,104.0,-64.0
event_1556,104.0,-68.0
event_1557,104.0,-90.0
event_1558,104.0,-94.0
event_1559,104.0,-118.0
event_1560,104.0,-94.0
event_1561,104.0,-66.0
event_1562,103.0,-62.0
event_1563,103.0,-40.0
event_1564,104.0,-120.0
event_1565,104.0,-68.0
event_1566,104.0,-87.00000000000001
event_1567,104.0,-117.0
event_1568,103.0,-37.0
event_1569,103.0,-53.0
event_1570,103.0,-35.0
event_1571,104.0,-117.0
event_1572,104.0,-126.0
event_1573,104.0,-110.0
event_1574,103.0,-50.0
event_1575,104.0,-177.0
event_1576,104.0,-103.0
event_1577,104.0,-107.0
event_1578,104.0,-61.0
event_1579,104.0,-51.00000000000001
event_1580,104.0,-135.0
event_1581,104.0,-78.0
event_1582,104.0,-96.0
event_1583,104.0,-103.0
event_1584,104.0,-69.0
event_1585,104.0,-103.0
event_1586,104.0,-55.0
event_1587,104.0,-111.0
event_1588,104.0,-88.0
event_1589,103.0,-42.0
event_1590,104.0,-99.0
event_1591,104.0,-107.0
event_1592,104.0,-155.0
event_1593,104.0,-65.0
event_1594,104.0,-99.0
event_1595,104.0,-163.0
event_1596,104.0,-62.0
event_1597,103.0,-36.00000000000001
event_1598,105.0,-130.0
event_1599,104.0,-64.0
event_1600,104.0,-54.0
event_1601,103.0,-39.0
event_1602,103.0,-43.0
event_1603,104.0,-56.0
event_1604,104.0,-98.0
event_1605,103.0,-61.0
event_1606,104.0,-96.0
event_1607,104.0,-114.0
event_1608,103.0,-35.0
event_1609,104.0,-93.0
event_1610,104.0,-138.0
event_1611,103.0,-53.0
event_1612,104.0,-70.0
event_1613,103.0,-43.0
event_1614,104.0,-97.0
event_1615,103.0,-48.0
event_1616,104.0,-61.0
event_1617,104.0,-116.0
event_1618,103.0,-70.0
event_1619,104.0,-101.0
event_1620,104.0,-75.0
event_1621,104.0,-149.0
event_1622,104.0,-97.0
event_1623,104.0,-87.00000000000001
event_1624,104.0,-146.0
event_1625,103.0,-44.0
event_1626,104.0,-57.0
event_1627,104.0,-66.0
event_1628,104.0,-55.0
event_1629,104.0,-177.0
event_1630,104.0,-50.0
event_1631,104.0,-85.0
event_1632,102.0,-33.0
event_1633,104.0,-75.0
event_1634,104.0,-52.00000000000001
event_1635,104.0,-56.0
event_1636,104.0,-135.0
event_1637,104.0,-68.0
event_1638,103.0,-82.0
event_1639,103.0,-37.0
event_1640,103.0,-55.0
event_1641,104.0,-177.0
event_1642,105.0,-89.0
event_1643,104.0,-44.0
event_1644,104.0,-61.0
event_1645,104.0,-98.0
event_1646,104.0,-118.0
event_1647,103.0,-60.0
event_1648,105.0,-121.0
event_1649,104.0,-66.0
event_1650,104.0,-102.0
event_1651,104.0,-81.0
event_1652,104.0,-101.0
event_1653,104.0,-114.0
event_1654,103.0,-34.0
event_1655,104.0,-44.0
event_1656,104.0,-136.0
event_1657,103.0,-37.0
event_1658,104.0,-62.0
event_1659,104.0,-132.0
event_1660,104.0,-69.0
event_1661,104.0,-120.0
event_1662,104.0,-64.0
event_1663,103.0,-39.0
event_1664,104.0,-81.0
event_1665,104.0,-135.0
event_1666,104.0,-83.0
event_1667,104.0,-127.0
event_1668,104.0,-66.0
event_1669,104.0,-141.0
event_1670,103.0,-41.0
event_1671,104.0,-75.0
event_1672,104.0,-72.00000000000001
event_1673,104.0,-121.0
event_1674,104.0,-45.0
event_1675,103.0,-52.00000000000001
event_1676,104.0,-70.0
event_1677,104.0,-90.0
event_1678,104.0,-54.0
event_1679,103.0,-52.00000000000001
event_1680,104.0,-74.0
event_1681,103.0,-75.0
event_1682,105.0,-93.0
event_1683,104.0,-71.00000000000001
event_1684,105.0,-137.0
event_1685,104.0,-91.0
event_1686,104.0,-177.0
event_1687,104.0,-177.0
event_1688,104.0,-82.0
event_1689,104.0,-112.0
event_1690,104.0,-79.0
event_1691,104.0,-48.0
event_1692,104.0,-111.0
event_1693,104.0,-110.0
event_1694,103.0,-50.0
event_1695,104.0,-121.0
event_1696,104.0,-58.0
event_1697,104.0,-98.0
event_1698,104.0,-89.0
event_1699,102.0,-34.0
event_1700,103.0,-49.0
event_1701,104.0,-121.0
event_1702,104.0,-124.0
event_1703,104.0,-47.0
event_1704,104.0,-117.0
event_1705,104.0,-45.0
event_1706,104.0,-177.0
event_1707,104.0,-109.0
event_1708,104.0,-90.0
event_1709,103.0,-40.0
event_1710,104.0,-64.0
event_1711,104.0,-81.0
event_1712,103.0,-75.0
event_1713,104.0,-62.0
event_1714,103.0,-89.0
event_1715,104.0,-137.0
event_1716,104.0,-82.0
event_1717,103.0,-77.0
event_1718,104.0,-156.0
event_1719,104.0,-53.0
event_1720,103.0,-80.0
event_1721,104.0,-70.0
event_1722,103.0,-47.0
event_1723,104.0,-68.0
event_1724,104.0,-95.0
event_1725,104.0,-102.0
event_1726,104.0,-81.0
event_1727,105.0,-147.0
event_1728,104.0,-119.0
event_1729,103.0,-57.0
event_1730,103.0,-40.0
event_1731,102.0,-34.0
event_1732,104.0,-158.0
event_1733,104.0,-122.0
event_1734,104.0,-114.0
event_1735,104.0,-92.0
event_1736,104.0,-100.0
event_1737,104.0,-57.0
event_1738,104.0,-50.0
event_1739,103.0,-55.0
event_1740,105.0,-107.0
event_1741,104.0,-75.0
event_1742,103.0,-35.0
event_1743,104.0,-116.0
event_1744,103.0,-55.0
event_1745,105.0,-137.0
event_1746,104.0,-65.0
event_1747,103.0,-40.0
event_1748,104.0,-144.00000000000003
event_1749,103.0,-40.0
event_1750,104.0,-47.0
event_1751,103.0,-41.0
event_1752,104.0,-84.0
event_1753,103.0,-32.0
event_1754,104.0,-65.0
event_1755,104.0,-55.0
event_1756,104.0,-75.0
event_1757,104.0,-100.0
event_1758,103.0,-36.00000000000001
event_1759,104.0,-96.0
event_1760,104.0,-63.0
event_1761,104.0,-68.0
event_1762,104.0,-75.0
event_1763,104.0,-66.0
event_1764,103.0,-63.0
event_1765,104.0,-94.0
event_1766,104.0,-57.0
event_1767,104.0,-177.0
event_1768,104.0,-86.0
event_1769,104.0,-74.0
event_1770,104.0,-84.0
event_1771,104.0,-150.0
event_1772,104.0,-84.0
event_1773,104.0,-63.0
event_1774,103.0,-70.0
event_1775,103.0,-46.0
event_1776,103.0,-67.0
event_1777,104.0,-58.0
event_1778,104.0,-110.0
event_1779,103.0,-57.0
event_1780,104.0,-90.0
event_1781,103.0,-48.0
event_1782,104.0,-123.0
event_1783,103.0,-39.0
event_1784,103.0,-78.0
event_1785,103.0,-36.00000000000001
event_1786,104.0,-78.0
event_1787,104.0,-107.0
event_1788,104.0,-82.0
event_1789,104.0,-177.0
event_1790,104.0,-62.0
event_1791,103.0,-51.00000000000001
event_1792,104.0,-126.0
event_1793,103.0,-46.0
event_1794,104.0,-100.0
event_1795,104.0,-48.0
event_1796,103.0,-46.0
event_1797,104.0,-138.0
event_1798,104.0,-127.0
event_1799,104.0,-52.00000000000001
event_1800,104.0,-158.0
event_1801,104.0,-35.0
event_1802,103.0,-31.0
event_1803,104.0,-118.0
event_1804,104.0,-128.0
event_1805,104.0,-85.0
event_1806,103.0,-67.0
event_1807,104.0,-83.0
event_1808,104.0,-177.0
event_1809,104.0,-127.0
event_1810,104.0,-141.0
event_1811,104.0,-72.00000000000001
event_1812,103.0,-91.0
event_1813,104.0,-51.00000000000001
event_1814,104.0,-177.0
event_1815,103.0,-67.0
event_1816,104.0,-109.0
event_1817,104.0,-101.0
event_1818,104.0,-86.0
event_1819,103.0,-62.0
event_1820,103.0,-52.00000000000001
event_1821,104.0,-55.0
event_1822,104.0,-81.0
event_1823,104.0,-119.0
event_1824,104.0,-37.0
event_1825,104.0,-112.0
event_1826,104.0,-92.0
event_1827,104.0,-177.0
event_1828,104.0,-56.0
event_1829,104.0,-90.0
event_1830,103.0,-37.0
event_1831,103.0,-64.0
event_1832,103.0,-44.0
event_1833,104.0,-149.0
event_1834,103.0,-46.0
event_1835,103.0,-62.0
event_1836,104.0,-63.0
event_1837,104.0,-110.0
event_1838,104.0,-84.0
event_1839,104.0,-35.0
event_1840,104.0,-113.0
event_1841,104.0,-52.00000000000001
event_1842,103.0,-53.0
event_1843,103.0,-53.0
event_1844,104.0,-80.0
event_1845,104.0,-76.0
event_1846,103.0,-47.0
event_1847,104.0,-74.0
event_1848,105.0,-120.0
event_1849,104.0,-55.0
event_1850,104.0,-88.0
event_1851,102.0,-33.0
event_1852,104.0,-61.0
event_1853,104.0,-51.00000000000001
event_1854,104.0,-61.0
event_1855,104.0,-65.0
event_1856,104.0,-136.0
event_1857,104.0,-89.0
event_1858,103.0,-53.0
event_1859,103.0,-39.0
event_1860,104.0,-90.0
event_1861,103.0,-59.00000000000001
event_1862,104.0,-98.0
event_1863,104.0,-60.0
event_1864,104.0,-50.0
event_1865,104.0,-110.0
event_1866,103.0,-57.0
event_1867,104.0,-76.0
event_1868,105.0,-93.0
event_1869,103.0,-39.0
event_1870,104.0,-92.0
event_1871,104.0,-90.0
event_1872,103.0,-54.0
event_1873,105.0,-126.0
event_1874,104.0,-103.0
event_1875,104.0,-41.0
event_1876,104.0,-158.0
event_1877,104.0,-45.0
event_1878,104.0,-116.0
event_1879,104.0,-104.0
event_1880,103.0,-70.0
event_1881,103.0,-41.0
event_1882,103.0,-48.0
event_1883,104.0,-90.0
event_1884,103.0,-47.0
event_1885,104.0,-144.00000000000003
event_1886,104.0,-67.0
event_1887,104.0,-119.0
event_1888,104.0,-124.0
event_1889,104.0,-86.0
event_1890,104.0,-84.0
event_1891,104.0,-40.0
event_1892,103.0,-44.0
event_1893,104.0,-68.0
event_1894,103.0,-73.0
event_1895,104.0,-97.0
event_1896,104.0,-86.0
event_1897,104.0,-122.0
event_1898,103.0,-51.00000000000001
event_1899,104.0,-82.0
event_1900,104.0,-131.0
event_1901,105.0,-135.0
event_1902,103.0,-41.0
event_1903,104.0,-62.0
event_1904,104.0,-85.0
event_1905,104.0,-54.0
event_1906,104.0,-87.00000000000001
event_1907,104.0,-150.0
event_1908,104.0,-98.0
event_1909,104.0,-86.0
event_1910,104.0,-90.0
event_1911,104.0,-55.0
event_1912,104.0,-62.0
event_1913,103.0,-61.0
event_1914,104.0,-69.0
event_1915,104.0,-106.0
event_1916,103.0,-51.00000000000001
event_1917,104.0,-65.0
event_1918,105.0,-110.0
event_1919,104.0,-91.0
event_1920,103.0,-31.0
event_1921,103.0,-57.0
event_1922,104.0,-97.0
event_1923,104.0,-77.0
event_1924,104.0,-88.0
event_1925,103.0,-36.00000000000001
event_1926,104.0,-64.0
event_1927,104.0,-45.0
event_1928,104.0,-74.0
event_1929,104.0,-98.0
event_1930,104.0,-76.0
event_1931,103.0,-36.00000000000001
event_1932,104.0,-68.0
event_1933,104.0,-54.0
event_1934,103.0,-39.0
event_1935,104.0,-123.0
event_1936,104.0,-90.0
event_1937,103.0,-52.00000000000001
event_1938,104.0,-177.0
event_1939,103.0,-47.0
event_1940,104.0,-95.0
event_1941,104.0,-113.0
event_1942,104.0,-72.00000000000001
event_1943,104.0,-78.0
event_1944,103.0,-63.0
event_1945,105.0,-99.0
event_1946,104.0,-72.00000000000001
event_1947,104.0,-78.0
event_1948,104.0,-70.0
event_1949,104.0,-63.0
event_1950,104.0,-131.0
event_1951,103.0,-42.0
event_1952,103.0,-67.0
event_1953,104.0,-76.0
event_1954,104.0,-66.0
event_1955,104.0,-79.0
event_1956,104.0,-177.0
event_1957,104.0,-52.00000000000001
event_1958,103.0,-65.0
